Material,theta,h,log_h,C,K,log_K,S
1,0.43,-0.01,-2.0,0.0,0.495,-0.3054,1.0
1,0.43,-0.0115,-1.939,0.0,0.495,-0.3054,1.0
1,0.43,-0.0132,-1.879,0.0,0.495,-0.3054,1.0
1,0.43,-0.0152,-1.818,0.0,0.495,-0.3054,1.0
1,0.43,-0.0175,-1.758,0.0,0.495,-0.3054,1.0
1,0.43,-0.0201,-1.6969999999999998,0.0,0.495,-0.3054,1.0
1,0.43,-0.0231,-1.636,0.0,0.495,-0.3054,1.0
1,0.43,-0.0266,-1.5759999999999998,0.0,0.495,-0.3054,1.0
1,0.43,-0.0305,-1.515,0.0,0.495,-0.3054,1.0
1,0.43,-0.0351,-1.455,0.0,0.495,-0.3054,1.0
1,0.43,-0.0404,-1.3940000000000001,0.0,0.495,-0.3054,1.0
1,0.43,-0.0464,-1.3330000000000002,0.0,0.495,-0.3054,1.0
1,0.43,-0.0534,-1.273,0.0,0.495,-0.3054,1.0
1,0.43,-0.0614,-1.212,0.0,0.495,-0.3054,1.0
1,0.43,-0.0705,-1.1520000000000001,0.0,0.495,-0.3054,1.0
1,0.43,-0.0811,-1.091,0.0,0.495,-0.3054,1.0
1,0.43,-0.0933,-1.03,0.0,0.495,-0.3054,1.0
1,0.43,-0.107,-0.9697,0.0,0.495,-0.3054,1.0
1,0.43,-0.12300000000000001,-0.9091,0.0,0.495,-0.3054,1.0
1,0.43,-0.142,-0.8485,0.0,0.495,-0.3054,1.0
1,0.43,-0.163,-0.7879,0.0,0.495,-0.3054,1.0
1,0.43,-0.187,-0.7273,0.0,0.495,-0.3054,1.0
1,0.43,-0.215,-0.6667,0.0,0.495,-0.3054,1.0
1,0.43,-0.248,-0.6061,0.0,0.495,-0.3054,1.0
1,0.43,-0.285,-0.5455,0.0,0.495,-0.3054,1.0
1,0.43,-0.327,-0.4848,0.0,0.495,-0.3054,1.0
1,0.43,-0.376,-0.4242,0.0,0.495,-0.3054,1.0
1,0.43,-0.433,-0.3636,0.0,0.495,-0.3054,1.0
1,0.43,-0.498,-0.303,0.0,0.495,-0.3054,1.0
1,0.43,-0.5720000000000001,-0.2424,0.0,0.495,-0.3054,1.0
1,0.43,-0.6579999999999999,-0.1818,0.0,0.495,-0.3054,1.0
1,0.43,-0.7559999999999999,-0.1212,0.0,0.495,-0.3054,1.0
1,0.43,-0.87,-0.060610000000000004,0.0,0.495,-0.3054,1.0
1,0.43,-1.0,0.0,0.0,0.495,-0.3054,1.0
1,0.43,-1.15,0.060610000000000004,0.0,0.495,-0.3054,1.0
1,0.43,-1.32,0.1212,0.0,0.495,-0.3054,1.0
1,0.43,-1.52,0.1818,0.0,0.495,-0.3054,1.0
1,0.43,-1.75,0.2424,0.0,0.495,-0.3054,1.0
1,0.4299,-2.01,0.303,0.01139,0.4939,-0.3064,0.9997
1,0.4261,-2.31,0.3636,0.01403,0.4573,-0.3398,0.9898
1,0.4207,-2.66,0.4242,0.0171,0.4142,-0.3828,0.9758
1,0.4132,-3.05,0.4848,0.02051,0.3648,-0.4379,0.9564
1,0.403,-3.51,0.5455,0.02411,0.3101,-0.5086,0.9298
1,0.3894,-4.04,0.6061,0.02756,0.2522,-0.5983,0.8944
1,0.3718,-4.64,0.6667,0.030410000000000003,0.1945,-0.7111,0.8488
1,0.3499,-5.34,0.7273,0.03213,0.141,-0.8509,0.7921
1,0.3241,-6.14,0.7879,0.03227,0.09532,-1.021,0.7249
1,0.2951,-7.05,0.8485,0.030680000000000002,0.059910000000000005,-1.2229999999999999,0.6495
1,0.2642,-8.11,0.9091,0.02756,0.035,-1.456,0.5694
1,0.2332,-9.33,0.9697,0.023459999999999998,0.0191,-1.719,0.4889
1,0.2036,-10.7,1.03,0.01902,0.009814,-2.008,0.412
1,0.1766,-12.3,1.091,0.01481,0.004796,-2.319,0.3418
1,0.1528,-14.2,1.1520000000000001,0.01116,0.002252,-2.647,0.28
1,0.1325,-16.3,1.212,0.008197,0.001026,-2.989,0.2272
1,0.1154,-18.7,1.273,0.005909,0.00045670000000000004,-3.34,0.183
1,0.1014,-21.5,1.3330000000000002,0.004202,0.0002,-3.699,0.1466
1,0.09,-24.8,1.3940000000000001,0.0029579999999999997,8.653e-05,-4.063,0.117
1,0.0808,-28.5,1.455,0.002068,3.713e-05,-4.43,0.0931
1,0.0735,-32.7,1.515,0.001439,1.584e-05,-4.8,0.074
1,0.0676,-37.6,1.5759999999999998,0.0009975,6.7289999999999994e-06,-5.172000000000001,0.0587
1,0.0629,-43.3,1.636,0.0006899,2.8510000000000003e-06,-5.545,0.0465
1,0.0592,-49.8,1.6969999999999998,0.0004763999999999999,1.205e-06,-5.919,0.0368
1,0.0562,-57.2,1.758,0.0003286,5.09e-07,-6.292999999999999,0.0292
1,0.0539,-65.8,1.818,0.00022640000000000003,2.1469999999999998e-07,-6.667999999999999,0.0231
1,0.052,-75.6,1.879,0.000156,9.051000000000001e-08,-7.042999999999999,0.0183
1,0.0506,-87.0,1.939,0.00010740000000000001,3.8139999999999996e-08,-7.419,0.0145
1,0.0494,-100.0,2.0,7.393e-05,1.607e-08,-7.794,0.0114
1,0.0485,-115.0,2.061,5.088e-05,6.766e-09,-8.17,0.009
1,0.0478,-132.0,2.121,3.502e-05,2.849e-09,-8.545,0.0072
1,0.0472,-152.0,2.182,2.409e-05,1.2e-09,-8.921,0.0057
1,0.0467,-175.0,2.242,1.658e-05,5.051e-10,-9.297,0.0045
1,0.0464,-201.0,2.303,1.141e-05,2.1260000000000002e-10,-9.672,0.0035
1,0.0461,-231.0,2.364,7.848e-06,8.952e-11,-10.05,0.0028
1,0.0459,-266.0,2.424,5.4e-06,3.7689999999999995e-11,-10.42,0.0022
1,0.0457,-305.0,2.485,3.715e-06,1.587e-11,-10.8,0.0018
1,0.0455,-351.0,2.545,2.5559999999999998e-06,6.678999999999999e-12,-11.18,0.0014
1,0.0454,-404.0,2.6060000000000003,1.7580000000000002e-06,2.812e-12,-11.55,0.0011
1,0.0453,-464.0,2.667,1.21e-06,1.1840000000000002e-12,-11.93,0.0009
1,0.0453,-534.0,2.727,8.323000000000001e-07,4.982e-13,-12.3,0.0007
1,0.0452,-614.0,2.7880000000000003,5.726e-07,2.097e-13,-12.68,0.0005
1,0.0452,-705.0,2.8480000000000003,3.939e-07,8.829e-14,-13.05,0.0004
1,0.0451,-811.0,2.909,2.7100000000000003e-07,3.717e-14,-13.43,0.0003
1,0.0451,-933.0,2.97,1.8649999999999998e-07,1.565e-14,-13.81,0.0003
1,0.0451,-1070.0,3.03,1.283e-07,6.587000000000001e-15,-14.18,0.0002
1,0.0451,-1230.0,3.091,8.825e-08,2.773e-15,-14.56,0.0002
1,0.0451,-1420.0,3.1519999999999997,6.072e-08,1.167e-15,-14.93,0.0001
1,0.045,-1630.0,3.2119999999999997,4.1769999999999996e-08,4.914e-16,-15.31,0.0001
1,0.045,-1870.0,3.273,2.8739999999999998e-08,2.068e-16,-15.68,0.0001
1,0.045,-2150.0,3.333,1.9769999999999998e-08,8.707e-17,-16.06,0.0001
1,0.045,-2480.0,3.3939999999999997,1.3600000000000001e-08,3.665e-17,-16.44,0.0001
1,0.045,-2850.0,3.455,9.358e-09,1.543e-17,-16.81,0.0
1,0.045,-3270.0,3.515,6.438e-09,6.495e-18,-17.19,0.0
1,0.045,-3760.0,3.576,4.429e-09,2.7339999999999995e-18,-17.56,0.0
1,0.045,-4330.0,3.636,3.0470000000000003e-09,1.1509999999999999e-18,-17.94,0.0
1,0.045,-4980.0,3.697,2.096e-09,4.845e-19,-18.31,0.0
1,0.045,-5720.0,3.758,1.442e-09,2.0399999999999996e-19,-18.69,0.0
1,0.045,-6580.0,3.818,9.923e-10,8.587e-20,-19.07,0.0
1,0.045,-7560.0,3.8789999999999996,6.827000000000001e-10,3.615e-20,-19.44,0.0
1,0.045,-8700.0,3.9389999999999996,4.696999999999999e-10,1.5219999999999997e-20,-19.82,0.0
1,0.045,-10000.0,4.0,3.2310000000000005e-10,6.405e-21,-20.19,0.0
2,0.39,-0.0132,-1.879,0.0,0.002183,-2.661,1.0
2,0.39,-0.0152,-1.818,0.0,0.002183,-2.661,1.0
2,0.39,-0.0175,-1.758,0.0,0.002183,-2.661,1.0
2,0.39,-0.0201,-1.6969999999999998,0.0,0.002183,-2.661,1.0
2,0.39,-0.0231,-1.636,0.0,0.002183,-2.661,1.0
2,0.39,-0.0266,-1.5759999999999998,0.0,0.002183,-2.661,1.0
2,0.39,-0.0305,-1.515,0.0,0.002183,-2.661,1.0
2,0.39,-0.0351,-1.455,0.0,0.002183,-2.661,1.0
2,0.39,-0.0404,-1.3940000000000001,0.0,0.002183,-2.661,1.0
2,0.39,-0.0464,-1.3330000000000002,0.0,0.002183,-2.661,1.0
2,0.39,-0.0534,-1.273,0.0,0.002183,-2.661,1.0
2,0.39,-0.0614,-1.212,0.0,0.002183,-2.661,1.0
2,0.39,-0.0705,-1.1520000000000001,0.0,0.002183,-2.661,1.0
2,0.39,-0.0811,-1.091,0.0,0.002183,-2.661,1.0
2,0.39,-0.0933,-1.03,0.0,0.002183,-2.661,1.0
2,0.39,-0.107,-0.9697,0.0,0.002183,-2.661,1.0
2,0.39,-0.12300000000000001,-0.9091,0.0,0.002183,-2.661,1.0
2,0.39,-0.142,-0.8485,0.0,0.002183,-2.661,1.0
2,0.39,-0.163,-0.7879,0.0,0.002183,-2.661,1.0
2,0.39,-0.187,-0.7273,0.0,0.002183,-2.661,1.0
2,0.39,-0.215,-0.6667,0.0,0.002183,-2.661,1.0
2,0.39,-0.248,-0.6061,0.0,0.002183,-2.661,1.0
2,0.39,-0.285,-0.5455,0.0,0.002183,-2.661,1.0
2,0.39,-0.327,-0.4848,0.0,0.002183,-2.661,1.0
2,0.39,-0.376,-0.4242,0.0,0.002183,-2.661,1.0
2,0.39,-0.433,-0.3636,0.0,0.002183,-2.661,1.0
2,0.39,-0.498,-0.303,0.0,0.002183,-2.661,1.0
2,0.39,-0.5720000000000001,-0.2424,0.0,0.002183,-2.661,1.0
2,0.39,-0.6579999999999999,-0.1818,0.0,0.002183,-2.661,1.0
2,0.39,-0.7559999999999999,-0.1212,0.0,0.002183,-2.661,1.0
2,0.39,-0.87,-0.060610000000000004,0.0,0.002183,-2.661,1.0
2,0.39,-1.0,0.0,0.0,0.002183,-2.661,1.0
2,0.39,-1.15,0.060610000000000004,0.0,0.002183,-2.661,1.0
2,0.39,-1.32,0.1212,0.0,0.002183,-2.661,1.0
2,0.39,-1.52,0.1818,0.0,0.002183,-2.661,1.0
2,0.39,-1.75,0.2424,0.0,0.002183,-2.661,1.0
2,0.39,-2.01,0.303,0.00283,0.0021780000000000002,-2.662,0.9999
2,0.3891,-2.31,0.3636,0.002989,0.00202,-2.695,0.9969
2,0.388,-2.66,0.4242,0.003148,0.001859,-2.7310000000000003,0.9932
2,0.3868,-3.05,0.4848,0.0033060000000000003,0.001697,-2.77,0.9888
2,0.3852,-3.51,0.5455,0.003457,0.001535,-2.8139999999999996,0.9835
2,0.3833,-4.04,0.6061,0.0036,0.001375,-2.862,0.9771
2,0.3811,-4.64,0.6667,0.003728,0.001217,-2.915,0.9694
2,0.3785,-5.34,0.7273,0.003836,0.001065,-2.9730000000000003,0.9603
2,0.3754,-6.14,0.7879,0.003918,0.0009187000000000002,-3.037,0.9496
2,0.3718,-7.05,0.8485,0.0039689999999999994,0.0007812,-3.1069999999999998,0.9371
2,0.3676,-8.11,0.9091,0.003982,0.000654,-3.1839999999999997,0.9226
2,0.3627,-9.33,0.9697,0.003953,0.0005384,-3.2689999999999997,0.906
2,0.3573,-10.7,1.03,0.003879,0.00043550000000000007,-3.361,0.8871
2,0.3511,-12.3,1.091,0.0037579999999999996,0.0003458,-3.4610000000000003,0.866
2,0.3443,-14.2,1.1520000000000001,0.003593,0.0002696,-3.569,0.8426
2,0.3369,-16.3,1.212,0.0033880000000000004,0.00020619999999999997,-3.6860000000000004,0.817
2,0.329,-18.7,1.273,0.00315,0.00015490000000000002,-3.81,0.7895
2,0.3205,-21.5,1.3330000000000002,0.002888,0.00011420000000000001,-3.9419999999999997,0.7603
2,0.3116,-24.8,1.3940000000000001,0.002611,8.278e-05,-4.082,0.7297
2,0.3025,-28.5,1.455,0.0023309999999999997,5.904e-05,-4.229,0.6982
2,0.2931,-32.7,1.515,0.002055,4.149e-05,-4.382,0.666
2,0.2837,-37.6,1.5759999999999998,0.0017920000000000002,2.877e-05,-4.541,0.6335
2,0.2743,-43.3,1.636,0.001547,1.971e-05,-4.705,0.6011
2,0.2651,-49.8,1.6969999999999998,0.001323,1.336e-05,-4.874,0.5692
2,0.256,-57.2,1.758,0.001123,8.969e-06,-5.047,0.5378
2,0.2471,-65.8,1.818,0.0009464,5.975e-06,-5.224,0.5074
2,0.2386,-75.6,1.879,0.0007928999999999999,3.954e-06,-5.403,0.478
2,0.2304,-87.0,1.939,0.000661,2.601e-06,-5.585,0.4497
2,0.2226,-100.0,2.0,0.0005487000000000001,1.703e-06,-5.769,0.4227
2,0.2151,-115.0,2.061,0.0004538,1.11e-06,-5.954,0.3969
2,0.208,-132.0,2.121,0.00037430000000000005,7.216e-07,-6.142,0.3724
2,0.2013,-152.0,2.182,0.00030789999999999995,4.6770000000000004e-07,-6.33,0.3493
2,0.1949,-175.0,2.242,0.0002528,3.024e-07,-6.519,0.3274
2,0.189,-201.0,2.303,0.0002072,1.9510000000000002e-07,-6.71,0.3068
2,0.1833,-231.0,2.364,0.0001696,1.257e-07,-6.901,0.2873
2,0.178,-266.0,2.424,0.00013859999999999998,8.09e-08,-7.0920000000000005,0.269
2,0.173,-305.0,2.485,0.00011320000000000001,5.2e-08,-7.284,0.2519
2,0.1684,-351.0,2.545,9.242e-05,3.34e-08,-7.476,0.2357
2,0.164,-404.0,2.6060000000000003,7.538e-05,2.1440000000000002e-08,-7.669,0.2206
2,0.1599,-464.0,2.667,6.145e-05,1.375e-08,-7.862,0.2064
2,0.156,-534.0,2.727,5.008e-05,8.816000000000001e-09,-8.055,0.1931
2,0.1524,-614.0,2.7880000000000003,4.079e-05,5.649999999999999e-09,-8.248,0.1807
2,0.149,-705.0,2.8480000000000003,3.322e-05,3.62e-09,-8.441,0.169
2,0.1459,-811.0,2.909,2.705e-05,2.319e-09,-8.635,0.1581
2,0.1429,-933.0,2.97,2.202e-05,1.485e-09,-8.828,0.1479
2,0.1401,-1070.0,3.03,1.792e-05,9.508e-10,-9.022,0.1383
2,0.1375,-1230.0,3.091,1.459e-05,6.087000000000001e-10,-9.216000000000001,0.1294
2,0.1351,-1420.0,3.1519999999999997,1.187e-05,3.8960000000000003e-10,-9.408999999999999,0.121
2,0.1328,-1630.0,3.2119999999999997,9.657000000000001e-06,2.494e-10,-9.603,0.1132
2,0.1307,-1870.0,3.273,7.858e-06,1.596e-10,-9.797,0.1059
2,0.1287,-2150.0,3.333,6.393e-06,1.0219999999999999e-10,-9.991,0.099
2,0.1269,-2480.0,3.3939999999999997,5.201e-06,6.538e-11,-10.18,0.0926
2,0.1251,-2850.0,3.455,4.231e-06,4.184e-11,-10.38,0.0866
2,0.1235,-3270.0,3.515,3.442e-06,2.6770000000000002e-11,-10.57,0.081
2,0.122,-3760.0,3.576,2.8e-06,1.713e-11,-10.77,0.0758
2,0.1205,-4330.0,3.636,2.278e-06,1.0960000000000002e-11,-10.96,0.0708
2,0.1192,-4980.0,3.697,1.853e-06,7.013999999999999e-12,-11.15,0.0663
2,0.118,-5720.0,3.758,1.507e-06,4.488000000000001e-12,-11.35,0.062
2,0.1168,-6580.0,3.818,1.226e-06,2.872e-12,-11.54,0.058
2,0.1157,-7560.0,3.8789999999999996,9.972e-07,1.838e-12,-11.74,0.0542
2,0.1147,-8700.0,3.9389999999999996,8.112000000000001e-07,1.176e-12,-11.93,0.0507
2,0.1137,-10000.0,4.0,6.598e-07,7.523e-13,-12.12,0.0474
3,0.3,-0.0132,-1.879,0.0,2.0,0.301,1.0
3,0.3,-0.0152,-1.818,0.0,2.0,0.301,1.0
3,0.3,-0.0175,-1.758,0.0,2.0,0.301,1.0
3,0.3,-0.0201,-1.6969999999999998,0.0,2.0,0.301,1.0
3,0.3,-0.0231,-1.636,0.0,2.0,0.301,1.0
3,0.3,-0.0266,-1.5759999999999998,0.0,2.0,0.301,1.0
3,0.3,-0.0305,-1.515,0.0,2.0,0.301,1.0
3,0.3,-0.0351,-1.455,0.0,2.0,0.301,1.0
3,0.3,-0.0404,-1.3940000000000001,0.0,2.0,0.301,1.0
3,0.3,-0.0464,-1.3330000000000002,0.0,2.0,0.301,1.0
3,0.3,-0.0534,-1.273,0.0,2.0,0.301,1.0
3,0.3,-0.0614,-1.212,0.0,2.0,0.301,1.0
3,0.3,-0.0705,-1.1520000000000001,0.0,2.0,0.301,1.0
3,0.3,-0.0811,-1.091,0.0,2.0,0.301,1.0
3,0.3,-0.0933,-1.03,0.0,2.0,0.301,1.0
3,0.3,-0.107,-0.9697,0.0,2.0,0.301,1.0
3,0.3,-0.12300000000000001,-0.9091,0.0,2.0,0.301,1.0
3,0.3,-0.142,-0.8485,0.0,2.0,0.301,1.0
3,0.3,-0.163,-0.7879,0.0,2.0,0.301,1.0
3,0.3,-0.187,-0.7273,0.0,2.0,0.301,1.0
3,0.3,-0.215,-0.6667,0.0,2.0,0.301,1.0
3,0.3,-0.248,-0.6061,0.0,2.0,0.301,1.0
3,0.3,-0.285,-0.5455,0.0,2.0,0.301,1.0
3,0.3,-0.327,-0.4848,0.0,2.0,0.301,1.0
3,0.3,-0.376,-0.4242,0.0,2.0,0.301,1.0
3,0.3,-0.433,-0.3636,0.0,2.0,0.301,1.0
3,0.3,-0.498,-0.303,0.0,2.0,0.301,1.0
3,0.3,-0.5720000000000001,-0.2424,0.0,2.0,0.301,1.0
3,0.3,-0.6579999999999999,-0.1818,0.0,2.0,0.301,1.0
3,0.3,-0.7559999999999999,-0.1212,0.0,2.0,0.301,1.0
3,0.3,-0.87,-0.060610000000000004,0.0,2.0,0.301,1.0
3,0.3,-1.0,0.0,0.0,2.0,0.301,1.0
3,0.3,-1.15,0.060610000000000004,0.0,2.0,0.301,1.0
3,0.3,-1.32,0.1212,0.0,2.0,0.301,1.0
3,0.3,-1.52,0.1818,0.0,2.0,0.301,1.0
3,0.3,-1.75,0.2424,0.0,2.0,0.301,1.0
3,0.2999,-2.01,0.303,0.009156999999999998,1.995,0.3,0.9997
3,0.2968,-2.31,0.3636,0.01137,1.8430000000000002,0.2656,0.9891
3,0.2924,-2.66,0.4242,0.01396,1.663,0.221,0.974
3,0.2863,-3.05,0.4848,0.01684,1.456,0.1631,0.9528
3,0.2779,-3.51,0.5455,0.01985,1.226,0.08855,0.9238
3,0.2667,-4.04,0.6061,0.02271,0.9842,-0.006901999999999999,0.8851
3,0.2522,-4.64,0.6667,0.02497,0.7455,-0.1276,0.8352
3,0.2344,-5.34,0.7273,0.026180000000000002,0.5278,-0.2775,0.7737
3,0.2134,-6.14,0.7879,0.02598,0.3468,-0.4599,0.7015
3,0.1902,-7.05,0.8485,0.02429,0.2108,-0.6761,0.6215
3,0.166,-8.11,0.9091,0.02141,0.1187,-0.9254,0.5381
3,0.1422,-9.33,0.9697,0.01785,0.06238,-1.205,0.4559
3,0.1199,-10.7,1.03,0.014169999999999999,0.03085,-1.511,0.3791
3,0.1,-12.3,1.091,0.01082,0.014530000000000001,-1.838,0.3103
3,0.0828,-14.2,1.1520000000000001,0.007998,0.006589,-2.181,0.2509
3,0.0683,-16.3,1.212,0.005776,0.002903,-2.537,0.2011
3,0.0564,-18.7,1.273,0.0041,0.001253,-2.9019999999999997,0.16
3,0.0468,-21.5,1.3330000000000002,0.002874,0.0005323999999999999,-3.2739999999999996,0.1268
3,0.039,-24.8,1.3940000000000001,0.001997,0.0002239,-3.65,0.1001
3,0.0328,-28.5,1.455,0.001379,9.349e-05,-4.029,0.0788
3,0.028,-32.7,1.515,0.0009482999999999999,3.884e-05,-4.4110000000000005,0.0619
3,0.0241,-37.6,1.5759999999999998,0.0006502000000000001,1.608e-05,-4.794,0.0486
3,0.0211,-43.3,1.636,0.00044489999999999997,6.6389999999999995e-06,-5.178,0.0382
3,0.0187,-49.8,1.6969999999999998,0.000304,2.737e-06,-5.563,0.0299
3,0.0168,-57.2,1.758,0.00020750000000000003,1.127e-06,-5.9479999999999995,0.0235
3,0.0153,-65.8,1.818,0.0001416,4.638e-07,-6.334,0.0184
3,0.0142,-75.6,1.879,9.655e-05,1.907e-07,-6.72,0.0144
3,0.0133,-87.0,1.939,6.582e-05,7.841e-08,-7.106,0.0113
3,0.0126,-100.0,2.0,4.486e-05,3.2230000000000005e-08,-7.492000000000001,0.0088
3,0.012,-115.0,2.061,3.057e-05,1.3240000000000001e-08,-7.877999999999999,0.0069
3,0.0116,-132.0,2.121,2.083e-05,5.442e-09,-8.264,0.0054
3,0.0112,-152.0,2.182,1.42e-05,2.236e-09,-8.651,0.0043
3,0.011,-175.0,2.242,9.673e-06,9.187e-10,-9.037,0.0033
3,0.0108,-201.0,2.303,6.59e-06,3.7739999999999996e-10,-9.423,0.0026
3,0.0106,-231.0,2.364,4.49e-06,1.5509999999999999e-10,-9.809,0.002
3,0.0105,-266.0,2.424,3.059e-06,6.370000000000001e-11,-10.2,0.0016
3,0.0104,-305.0,2.485,2.084e-06,2.617e-11,-10.58,0.0013
3,0.0103,-351.0,2.545,1.42e-06,1.075e-11,-10.97,0.001
3,0.0102,-404.0,2.6060000000000003,9.675e-07,4.417e-12,-11.35,0.0008
3,0.0102,-464.0,2.667,6.591e-07,1.8140000000000001e-12,-11.74,0.0006
3,0.0101,-534.0,2.727,4.4909999999999996e-07,7.454e-13,-12.13,0.0005
3,0.0101,-614.0,2.7880000000000003,3.059e-07,3.062e-13,-12.51,0.0004
3,0.0101,-705.0,2.8480000000000003,2.0839999999999999e-07,1.258e-13,-12.9,0.0003
3,0.0101,-811.0,2.909,1.42e-07,5.1679999999999994e-14,-13.29,0.0002
3,0.0101,-933.0,2.97,9.675e-08,2.123e-14,-13.67,0.0002
3,0.01,-1070.0,3.03,6.591e-08,8.721e-15,-14.06,0.0001
3,0.01,-1230.0,3.091,4.491e-08,3.583e-15,-14.45,0.0001
3,0.01,-1420.0,3.1519999999999997,3.059e-08,1.472e-15,-14.83,0.0001
3,0.01,-1630.0,3.2119999999999997,2.084e-08,6.046e-16,-15.22,0.0001
3,0.01,-1870.0,3.273,1.42e-08,2.484e-16,-15.6,0.0001
3,0.01,-2150.0,3.333,9.675e-09,1.02e-16,-15.99,0.0
3,0.01,-2480.0,3.3939999999999997,6.591e-09,4.192e-17,-16.38,0.0
3,0.01,-2850.0,3.455,4.491e-09,1.722e-17,-16.76,0.0
3,0.01,-3270.0,3.515,3.059e-09,7.074e-18,-17.15,0.0
3,0.01,-3760.0,3.576,2.084e-09,2.906e-18,-17.54,0.0
3,0.01,-4330.0,3.636,1.4199999999999999e-09,1.1940000000000002e-18,-17.92,0.0
3,0.01,-4980.0,3.697,9.675e-10,4.903999999999999e-19,-18.31,0.0
3,0.01,-5720.0,3.758,6.590999999999999e-10,2.015e-19,-18.7,0.0
3,0.01,-6580.0,3.818,4.4910000000000003e-10,8.276e-20,-19.08,0.0
3,0.01,-7560.0,3.8789999999999996,3.059e-10,3.4e-20,-19.47,0.0
3,0.01,-8700.0,3.9389999999999996,2.084e-10,1.3969999999999998e-20,-19.85,0.0
3,0.01,-10000.0,4.0,1.42e-10,5.7380000000000005e-21,-20.24,0.0
4,0.43,-0.0132,-1.879,0.0,0.01733,-1.761,1.0
4,0.43,-0.0152,-1.818,0.0,0.01733,-1.761,1.0
4,0.43,-0.0175,-1.758,0.0,0.01733,-1.761,1.0
4,0.43,-0.0201,-1.6969999999999998,0.0,0.01733,-1.761,1.0
4,0.43,-0.0231,-1.636,0.0,0.01733,-1.761,1.0
4,0.43,-0.0266,-1.5759999999999998,0.0,0.01733,-1.761,1.0
4,0.43,-0.0305,-1.515,0.0,0.01733,-1.761,1.0
4,0.43,-0.0351,-1.455,0.0,0.01733,-1.761,1.0
4,0.43,-0.0404,-1.3940000000000001,0.0,0.01733,-1.761,1.0
4,0.43,-0.0464,-1.3330000000000002,0.0,0.01733,-1.761,1.0
4,0.43,-0.0534,-1.273,0.0,0.01733,-1.761,1.0
4,0.43,-0.0614,-1.212,0.0,0.01733,-1.761,1.0
4,0.43,-0.0705,-1.1520000000000001,0.0,0.01733,-1.761,1.0
4,0.43,-0.0811,-1.091,0.0,0.01733,-1.761,1.0
4,0.43,-0.0933,-1.03,0.0,0.01733,-1.761,1.0
4,0.43,-0.107,-0.9697,0.0,0.01733,-1.761,1.0
4,0.43,-0.12300000000000001,-0.9091,0.0,0.01733,-1.761,1.0
4,0.43,-0.142,-0.8485,0.0,0.01733,-1.761,1.0
4,0.43,-0.163,-0.7879,0.0,0.01733,-1.761,1.0
4,0.43,-0.187,-0.7273,0.0,0.01733,-1.761,1.0
4,0.43,-0.215,-0.6667,0.0,0.01733,-1.761,1.0
4,0.43,-0.248,-0.6061,0.0,0.01733,-1.761,1.0
4,0.43,-0.285,-0.5455,0.0,0.01733,-1.761,1.0
4,0.43,-0.327,-0.4848,0.0,0.01733,-1.761,1.0
4,0.43,-0.376,-0.4242,0.0,0.01733,-1.761,1.0
4,0.43,-0.433,-0.3636,0.0,0.01733,-1.761,1.0
4,0.43,-0.498,-0.303,0.0,0.01733,-1.761,1.0
4,0.43,-0.5720000000000001,-0.2424,0.0,0.01733,-1.761,1.0
4,0.43,-0.6579999999999999,-0.1818,0.0,0.01733,-1.761,1.0
4,0.43,-0.7559999999999999,-0.1212,0.0,0.01733,-1.761,1.0
4,0.43,-0.87,-0.060610000000000004,0.0,0.01733,-1.761,1.0
4,0.43,-1.0,0.0,0.0,0.01733,-1.761,1.0
4,0.43,-1.15,0.060610000000000004,0.0,0.01733,-1.761,1.0
4,0.43,-1.32,0.1212,0.0,0.01733,-1.761,1.0
4,0.43,-1.52,0.1818,0.0,0.01733,-1.761,1.0
4,0.43,-1.75,0.2424,0.0,0.01733,-1.761,1.0
4,0.43,-2.01,0.303,0.001604,0.01731,-1.7619999999999998,1.0
4,0.4295,-2.31,0.3636,0.001725,0.01649,-1.7830000000000001,0.9985
4,0.4289,-2.66,0.4242,0.001852,0.01563,-1.806,0.9968
4,0.4281,-3.05,0.4848,0.001986,0.014730000000000002,-1.8319999999999999,0.9946
4,0.4272,-3.51,0.5455,0.0021260000000000003,0.0138,-1.86,0.9919
4,0.426,-4.04,0.6061,0.00227,0.012830000000000001,-1.892,0.9886
4,0.4246,-4.64,0.6667,0.0024170000000000003,0.01184,-1.9269999999999998,0.9846
4,0.4229,-5.34,0.7273,0.002565,0.01082,-1.966,0.9797
4,0.4207,-6.14,0.7879,0.002709,0.009798000000000001,-2.009,0.9737
4,0.4182,-7.05,0.8485,0.002848,0.008772,-2.057,0.9664
4,0.4151,-8.11,0.9091,0.002975,0.007756,-2.11,0.9577
4,0.4114,-9.33,0.9697,0.0030859999999999998,0.006764,-2.17,0.9472
4,0.4071,-10.7,1.03,0.0031739999999999997,0.00581,-2.2359999999999998,0.9348
4,0.4019,-12.3,1.091,0.0032329999999999998,0.004908,-2.309,0.9202
4,0.3959,-14.2,1.1520000000000001,0.003257,0.004072999999999999,-2.39,0.9031
4,0.389,-16.3,1.212,0.0032409999999999995,0.0033159999999999995,-2.479,0.8835
4,0.3812,-18.7,1.273,0.003181,0.002646,-2.577,0.8612
4,0.3724,-21.5,1.3330000000000002,0.003077,0.002068,-2.6839999999999997,0.8363
4,0.3627,-24.8,1.3940000000000001,0.002931,0.001582,-2.801,0.8087
4,0.3521,-28.5,1.455,0.002748,0.001184,-2.927,0.7788
4,0.3409,-32.7,1.515,0.002535,0.0008684,-3.0610000000000004,0.7468
4,0.329,-37.6,1.5759999999999998,0.002302,0.000624,-3.205,0.7131
4,0.3167,-43.3,1.636,0.002058,0.00044,-3.3569999999999998,0.6782
4,0.3042,-49.8,1.6969999999999998,0.0018149999999999998,0.0003048,-3.516,0.6426
4,0.2916,-57.2,1.758,0.0015789999999999999,0.00020780000000000004,-3.682,0.6068
4,0.279,-65.8,1.818,0.001358,0.00013969999999999998,-3.855,0.5711
4,0.2667,-75.6,1.879,0.001155,9.274e-05,-4.033,0.5361
4,0.2547,-87.0,1.939,0.0009736,6.09e-05,-4.215,0.502
4,0.2431,-100.0,2.0,0.0008142000000000002,3.962e-05,-4.402,0.469
4,0.232,-115.0,2.061,0.0006763,2.558e-05,-4.592,0.4375
4,0.2214,-132.0,2.121,0.0005585,1.64e-05,-4.785,0.4074
4,0.2114,-152.0,2.182,0.00045910000000000005,1.046e-05,-4.98,0.3789
4,0.2019,-175.0,2.242,0.00037580000000000003,6.64e-06,-5.178,0.3521
4,0.1931,-201.0,2.303,0.0003067,4.2e-06,-5.377000000000001,0.3269
4,0.1847,-231.0,2.364,0.0002496,2.6480000000000003e-06,-5.577000000000001,0.3032
4,0.177,-266.0,2.424,0.00020269999999999997,1.665e-06,-5.779,0.2811
4,0.1697,-305.0,2.485,0.0001643,1.045e-06,-5.981,0.2605
4,0.1629,-351.0,2.545,0.0001329,6.549e-07,-6.184,0.2413
4,0.1567,-404.0,2.6060000000000003,0.0001075,4.098e-07,-6.3870000000000005,0.2235
4,0.1508,-464.0,2.667,8.68e-05,2.5620000000000003e-07,-6.591,0.2069
4,0.1454,-534.0,2.727,7.004e-05,1.6e-07,-6.796,0.1915
4,0.1404,-614.0,2.7880000000000003,5.649e-05,9.984e-08,-7.001,0.1772
4,0.1357,-705.0,2.8480000000000003,4.553e-05,6.227e-08,-7.206,0.164
4,0.1314,-811.0,2.909,3.669e-05,3.882e-08,-7.4110000000000005,0.1517
4,0.1274,-933.0,2.97,2.955e-05,2.419e-08,-7.6160000000000005,0.1404
4,0.1237,-1070.0,3.03,2.38e-05,1.507e-08,-7.822,0.1299
4,0.1203,-1230.0,3.091,1.916e-05,9.387e-09,-8.027000000000001,0.1201
4,0.1171,-1420.0,3.1519999999999997,1.542e-05,5.845e-09,-8.232999999999999,0.1111
4,0.1142,-1630.0,3.2119999999999997,1.241e-05,3.639e-09,-8.439,0.1028
4,0.1115,-1870.0,3.273,9.988e-06,2.266e-09,-8.645,0.0951
4,0.109,-2150.0,3.333,8.037000000000001e-06,1.4099999999999999e-09,-8.851,0.0879
4,0.1066,-2480.0,3.3939999999999997,6.467e-06,8.778e-10,-9.057,0.0813
4,0.1045,-2850.0,3.455,5.202999999999999e-06,5.463e-10,-9.263,0.0752
4,0.1025,-3270.0,3.515,4.186e-06,3.4e-10,-9.469,0.0696
4,0.1006,-3760.0,3.576,3.3669999999999997e-06,2.1159999999999997e-10,-9.674,0.0643
4,0.0989,-4330.0,3.636,2.709e-06,1.317e-10,-9.88,0.0595
4,0.0974,-4980.0,3.697,2.1790000000000002e-06,8.194e-11,-10.09,0.055
4,0.0959,-5720.0,3.758,1.7530000000000002e-06,5.099e-11,-10.29,0.0509
4,0.0946,-6580.0,3.818,1.41e-06,3.173e-11,-10.5,0.0471
4,0.0933,-7560.0,3.8789999999999996,1.134e-06,1.974e-11,-10.7,0.0435
4,0.0922,-8700.0,3.9389999999999996,9.125e-07,1.2279999999999999e-11,-10.91,0.0403
4,0.0911,-10000.0,4.0,7.340000000000001e-07,7.644000000000001e-12,-11.12,0.0372
5,0.41,-0.0132,-1.879,0.0,0.004333,-2.363,1.0
5,0.41,-0.0152,-1.818,0.0,0.004333,-2.363,1.0
5,0.41,-0.0175,-1.758,0.0,0.004333,-2.363,1.0
5,0.41,-0.0201,-1.6969999999999998,0.0,0.004333,-2.363,1.0
5,0.41,-0.0231,-1.636,0.0,0.004333,-2.363,1.0
5,0.41,-0.0266,-1.5759999999999998,0.0,0.004333,-2.363,1.0
5,0.41,-0.0305,-1.515,0.0,0.004333,-2.363,1.0
5,0.41,-0.0351,-1.455,0.0,0.004333,-2.363,1.0
5,0.41,-0.0404,-1.3940000000000001,0.0,0.004333,-2.363,1.0
5,0.41,-0.0464,-1.3330000000000002,0.0,0.004333,-2.363,1.0
5,0.41,-0.0534,-1.273,0.0,0.004333,-2.363,1.0
5,0.41,-0.0614,-1.212,0.0,0.004333,-2.363,1.0
5,0.41,-0.0705,-1.1520000000000001,0.0,0.004333,-2.363,1.0
5,0.41,-0.0811,-1.091,0.0,0.004333,-2.363,1.0
5,0.41,-0.0933,-1.03,0.0,0.004333,-2.363,1.0
5,0.41,-0.107,-0.9697,0.0,0.004333,-2.363,1.0
5,0.41,-0.12300000000000001,-0.9091,0.0,0.004333,-2.363,1.0
5,0.41,-0.142,-0.8485,0.0,0.004333,-2.363,1.0
5,0.41,-0.163,-0.7879,0.0,0.004333,-2.363,1.0
5,0.41,-0.187,-0.7273,0.0,0.004333,-2.363,1.0
5,0.41,-0.215,-0.6667,0.0,0.004333,-2.363,1.0
5,0.41,-0.248,-0.6061,0.0,0.004333,-2.363,1.0
5,0.41,-0.285,-0.5455,0.0,0.004333,-2.363,1.0
5,0.41,-0.327,-0.4848,0.0,0.004333,-2.363,1.0
5,0.41,-0.376,-0.4242,0.0,0.004333,-2.363,1.0
5,0.41,-0.433,-0.3636,0.0,0.004333,-2.363,1.0
5,0.41,-0.498,-0.303,0.0,0.004333,-2.363,1.0
5,0.41,-0.5720000000000001,-0.2424,0.0,0.004333,-2.363,1.0
5,0.41,-0.6579999999999999,-0.1818,0.0,0.004333,-2.363,1.0
5,0.41,-0.7559999999999999,-0.1212,0.0,0.004333,-2.363,1.0
5,0.41,-0.87,-0.060610000000000004,0.0,0.004333,-2.363,1.0
5,0.41,-1.0,0.0,0.0,0.004333,-2.363,1.0
5,0.41,-1.15,0.060610000000000004,0.0,0.004333,-2.363,1.0
5,0.41,-1.32,0.1212,0.0,0.004333,-2.363,1.0
5,0.41,-1.52,0.1818,0.0,0.004333,-2.363,1.0
5,0.41,-1.75,0.2424,0.0,0.004333,-2.363,1.0
5,0.41,-2.01,0.303,0.0006649,0.004326,-2.364,1.0
5,0.4098,-2.31,0.3636,0.000692,0.0041140000000000005,-2.386,0.9993
5,0.4095,-2.66,0.4242,0.0007197,0.0038979999999999996,-2.4090000000000003,0.9986
5,0.4093,-3.05,0.4848,0.0007478,0.0036799999999999997,-2.434,0.9976
5,0.4089,-3.51,0.5455,0.0007763999999999999,0.00346,-2.461,0.9965
5,0.4085,-4.04,0.6061,0.0008051,0.003239,-2.49,0.9952
5,0.408,-4.64,0.6667,0.0008337999999999999,0.003017,-2.52,0.9936
5,0.4074,-5.34,0.7273,0.0008621000000000001,0.0027949999999999997,-2.5540000000000003,0.9918
5,0.4067,-6.14,0.7879,0.0008897,0.002575,-2.589,0.9895
5,0.4059,-7.05,0.8485,0.0009162,0.002358,-2.628,0.9869
5,0.4049,-8.11,0.9091,0.000941,0.002144,-2.6689999999999996,0.9838
5,0.4037,-9.33,0.9697,0.0009636000000000001,0.001935,-2.713,0.9801
5,0.4024,-10.7,1.03,0.0009832,0.001732,-2.761,0.9758
5,0.4008,-12.3,1.091,0.0009992,0.001537,-2.813,0.9707
5,0.3989,-14.2,1.1520000000000001,0.001011,0.001351,-2.8689999999999998,0.9648
5,0.3968,-16.3,1.212,0.001017,0.001176,-2.93,0.958
5,0.3943,-18.7,1.273,0.001017,0.0010119999999999999,-2.995,0.9501
5,0.3914,-21.5,1.3330000000000002,0.00101,0.0008607000000000002,-3.065,0.9411
5,0.3882,-24.8,1.3940000000000001,0.0009960000000000001,0.0007233,-3.141,0.9308
5,0.3845,-28.5,1.455,0.0009741,0.0006001,-3.222,0.9192
5,0.3805,-32.7,1.515,0.0009442,0.0004913000000000001,-3.3089999999999997,0.9062
5,0.3759,-37.6,1.5759999999999998,0.0009067,0.0003968,-3.4010000000000002,0.8918
5,0.3709,-43.3,1.636,0.0008622,0.0003161,-3.5,0.876
5,0.3655,-49.8,1.6969999999999998,0.0008116,0.0002483,-3.605,0.8587
5,0.3597,-57.2,1.758,0.0007561,0.00019250000000000002,-3.716,0.8402
5,0.3534,-65.8,1.818,0.0006972,0.0001472,-3.832,0.8204
5,0.3469,-75.6,1.879,0.0006365,0.0001112,-3.9539999999999997,0.7996
5,0.34,-87.0,1.939,0.0005754,8.294e-05,-4.081,0.7778
5,0.3329,-100.0,2.0,0.0005153,6.119e-05,-4.213,0.7553
5,0.3257,-115.0,2.061,0.0004575,4.467e-05,-4.35,0.7322
5,0.3183,-132.0,2.121,0.00040300000000000004,3.231e-05,-4.4910000000000005,0.7088
5,0.3108,-152.0,2.182,0.0003523,2.317e-05,-4.635,0.6851
5,0.3033,-175.0,2.242,0.000306,1.649e-05,-4.783,0.6614
5,0.2959,-201.0,2.303,0.00026430000000000003,1.165e-05,-4.934,0.6378
5,0.2885,-231.0,2.364,0.000227,8.188e-06,-5.087,0.6144
5,0.2813,-266.0,2.424,0.00019409999999999997,5.724e-06,-5.242000000000001,0.5913
5,0.2741,-305.0,2.485,0.0001653,3.9839999999999995e-06,-5.4,0.5687
5,0.2672,-351.0,2.545,0.0001403,2.762e-06,-5.559,0.5466
5,0.2604,-404.0,2.6060000000000003,0.0001188,1.908e-06,-5.718999999999999,0.5251
5,0.2538,-464.0,2.667,0.00010029999999999998,1.315e-06,-5.881,0.5041
5,0.2474,-534.0,2.727,8.447e-05,9.04e-07,-6.044,0.4839
5,0.2412,-614.0,2.7880000000000003,7.103e-05,6.202e-07,-6.207000000000001,0.4642
5,0.2352,-705.0,2.8480000000000003,5.964e-05,4.248e-07,-6.372000000000001,0.4452
5,0.2295,-811.0,2.909,5.001e-05,2.905e-07,-6.537000000000001,0.4269
5,0.2239,-933.0,2.97,4.189e-05,1.985e-07,-6.702000000000001,0.4093
5,0.2186,-1070.0,3.03,3.505e-05,1.3539999999999998e-07,-6.867999999999999,0.3923
5,0.2134,-1230.0,3.091,2.931e-05,9.234999999999999e-08,-7.035,0.376
5,0.2085,-1420.0,3.1519999999999997,2.449e-05,6.292000000000001e-08,-7.2010000000000005,0.3603
5,0.2037,-1630.0,3.2119999999999997,2.046e-05,4.285e-08,-7.367999999999999,0.3452
5,0.1992,-1870.0,3.273,1.708e-05,2.9160000000000004e-08,-7.535,0.3307
5,0.1948,-2150.0,3.333,1.425e-05,1.984e-08,-7.702000000000001,0.3169
5,0.1906,-2480.0,3.3939999999999997,1.189e-05,1.349e-08,-7.87,0.3035
5,0.1866,-2850.0,3.455,9.916e-06,9.174e-09,-8.037,0.2908
5,0.1827,-3270.0,3.515,8.268e-06,6.236e-09,-8.205,0.2785
5,0.179,-3760.0,3.576,6.893e-06,4.2380000000000005e-09,-8.373,0.2668
5,0.1755,-4330.0,3.636,5.7460000000000006e-06,2.88e-09,-8.541,0.2555
5,0.1721,-4980.0,3.697,4.788999999999999e-06,1.956e-09,-8.709,0.2447
5,0.1688,-5720.0,3.758,3.991e-06,1.3289999999999999e-09,-8.876,0.2344
5,0.1657,-6580.0,3.818,3.3260000000000004e-06,9.028e-10,-9.044,0.2245
5,0.1627,-7560.0,3.8789999999999996,2.7710000000000002e-06,6.132000000000001e-10,-9.212,0.215
5,0.1599,-8700.0,3.9389999999999996,2.3090000000000003e-06,4.164e-10,-9.38,0.2059
5,0.1571,-10000.0,4.0,1.924e-06,2.828e-10,-9.549,0.1972
6,0.41,-0.0132,-1.879,0.0,0.2432,-0.614,1.0
6,0.41,-0.0152,-1.818,0.0,0.2432,-0.614,1.0
6,0.41,-0.0175,-1.758,0.0,0.2432,-0.614,1.0
6,0.41,-0.0201,-1.6969999999999998,0.0,0.2432,-0.614,1.0
6,0.41,-0.0231,-1.636,0.0,0.2432,-0.614,1.0
6,0.41,-0.0266,-1.5759999999999998,0.0,0.2432,-0.614,1.0
6,0.41,-0.0305,-1.515,0.0,0.2432,-0.614,1.0
6,0.41,-0.0351,-1.455,0.0,0.2432,-0.614,1.0
6,0.41,-0.0404,-1.3940000000000001,0.0,0.2432,-0.614,1.0
6,0.41,-0.0464,-1.3330000000000002,0.0,0.2432,-0.614,1.0
6,0.41,-0.0534,-1.273,0.0,0.2432,-0.614,1.0
6,0.41,-0.0614,-1.212,0.0,0.2432,-0.614,1.0
6,0.41,-0.0705,-1.1520000000000001,0.0,0.2432,-0.614,1.0
6,0.41,-0.0811,-1.091,0.0,0.2432,-0.614,1.0
6,0.41,-0.0933,-1.03,0.0,0.2432,-0.614,1.0
6,0.41,-0.107,-0.9697,0.0,0.2432,-0.614,1.0
6,0.41,-0.12300000000000001,-0.9091,0.0,0.2432,-0.614,1.0
6,0.41,-0.142,-0.8485,0.0,0.2432,-0.614,1.0
6,0.41,-0.163,-0.7879,0.0,0.2432,-0.614,1.0
6,0.41,-0.187,-0.7273,0.0,0.2432,-0.614,1.0
6,0.41,-0.215,-0.6667,0.0,0.2432,-0.614,1.0
6,0.41,-0.248,-0.6061,0.0,0.2432,-0.614,1.0
6,0.41,-0.285,-0.5455,0.0,0.2432,-0.614,1.0
6,0.41,-0.327,-0.4848,0.0,0.2432,-0.614,1.0
6,0.41,-0.376,-0.4242,0.0,0.2432,-0.614,1.0
6,0.41,-0.433,-0.3636,0.0,0.2432,-0.614,1.0
6,0.41,-0.498,-0.303,0.0,0.2432,-0.614,1.0
6,0.41,-0.5720000000000001,-0.2424,0.0,0.2432,-0.614,1.0
6,0.41,-0.6579999999999999,-0.1818,0.0,0.2432,-0.614,1.0
6,0.41,-0.7559999999999999,-0.1212,0.0,0.2432,-0.614,1.0
6,0.41,-0.87,-0.060610000000000004,0.0,0.2432,-0.614,1.0
6,0.41,-1.0,0.0,0.0,0.2432,-0.614,1.0
6,0.41,-1.15,0.060610000000000004,0.0,0.2432,-0.614,1.0
6,0.41,-1.32,0.1212,0.0,0.2432,-0.614,1.0
6,0.41,-1.52,0.1818,0.0,0.2432,-0.614,1.0
6,0.41,-1.75,0.2424,0.0,0.2432,-0.614,1.0
6,0.4099,-2.01,0.303,0.009075,0.2426,-0.6151,0.9998
6,0.407,-2.31,0.3636,0.0106,0.2242,-0.6493,0.9914
6,0.403,-2.66,0.4242,0.01228,0.2036,-0.6911,0.9802
6,0.3978,-3.05,0.4848,0.01407,0.1811,-0.7421,0.9653
6,0.3909,-3.51,0.5455,0.01589,0.157,-0.8041,0.9459
6,0.3821,-4.04,0.6061,0.01764,0.132,-0.8793,0.9208
6,0.3709,-4.64,0.6667,0.01914,0.1072,-0.9699,0.8893
6,0.3572,-5.34,0.7273,0.02021,0.08348,-1.078,0.8504
6,0.3408,-6.14,0.7879,0.020669999999999997,0.062110000000000005,-1.207,0.804
6,0.3219,-7.05,0.8485,0.020390000000000002,0.043989999999999994,-1.357,0.7504
6,0.3008,-8.11,0.9091,0.01937,0.029589999999999998,-1.5290000000000001,0.6908
6,0.2783,-9.33,0.9697,0.01768,0.01891,-1.723,0.6269
6,0.2551,-10.7,1.03,0.01553,0.01151,-1.939,0.5612
6,0.2321,-12.3,1.091,0.01317,0.006705,-2.174,0.496
6,0.21,-14.2,1.1520000000000001,0.01082,0.0037560000000000002,-2.425,0.4334
6,0.1894,-16.3,1.212,0.008659,0.002036,-2.6910000000000003,0.3751
6,0.1707,-18.7,1.273,0.006776000000000001,0.001075,-2.969,0.3221
6,0.154,-21.5,1.3330000000000002,0.005209,0.0005557,-3.255,0.2748
6,0.1394,-24.8,1.3940000000000001,0.00395,0.00028250000000000004,-3.549,0.2333
6,0.1267,-28.5,1.455,0.002964,0.0001418,-3.8480000000000003,0.1973
6,0.1157,-32.7,1.515,0.002206,7.053e-05,-4.152,0.1664
6,0.1064,-37.6,1.5759999999999998,0.001632,3.482e-05,-4.458,0.14
6,0.0985,-43.3,1.636,0.001202,1.71e-05,-4.7669999999999995,0.1176
6,0.0918,-49.8,1.6969999999999998,0.0008824,8.367e-06,-5.077,0.0987
6,0.0862,-57.2,1.758,0.0006462000000000001,4.081e-06,-5.388999999999999,0.0828
6,0.0815,-65.8,1.818,0.0004723,1.9869999999999998e-06,-5.702000000000001,0.0694
6,0.0775,-75.6,1.879,0.0003448,9.655e-07,-6.015,0.0581
6,0.0742,-87.0,1.939,0.0002515,4.6869999999999996e-07,-6.329,0.0486
6,0.0714,-100.0,2.0,0.0001833,2.2739999999999998e-07,-6.643,0.0407
6,0.069,-115.0,2.061,0.0001335,1.102e-07,-6.957999999999999,0.0341
6,0.0671,-132.0,2.121,9.724e-05,5.341e-08,-7.272,0.0285
6,0.0654,-152.0,2.182,7.079e-05,2.5869999999999996e-08,-7.587000000000001,0.0238
6,0.064,-175.0,2.242,5.152e-05,1.2529999999999999e-08,-7.902,0.0199
6,0.0629,-201.0,2.303,3.75e-05,6.068e-09,-8.217,0.0167
6,0.0619,-231.0,2.364,2.729e-05,2.938e-09,-8.532,0.014
6,0.0611,-266.0,2.424,1.985e-05,1.4219999999999998e-09,-8.847000000000001,0.0117
6,0.0604,-305.0,2.485,1.445e-05,6.885e-10,-9.162,0.0098
6,0.0599,-351.0,2.545,1.051e-05,3.333e-10,-9.477,0.0082
6,0.0594,-404.0,2.6060000000000003,7.646000000000001e-06,1.6130000000000003e-10,-9.792,0.0068
6,0.059,-464.0,2.667,5.563e-06,7.808e-11,-10.11,0.0057
6,0.0587,-534.0,2.727,4.0469999999999995e-06,3.7799999999999995e-11,-10.42,0.0048
6,0.0584,-614.0,2.7880000000000003,2.9439999999999997e-06,1.829e-11,-10.74,0.004
6,0.0582,-705.0,2.8480000000000003,2.142e-06,8.854e-12,-11.05,0.0033
6,0.058,-811.0,2.909,1.5580000000000002e-06,4.286000000000001e-12,-11.37,0.0028
6,0.0578,-933.0,2.97,1.134e-06,2.074e-12,-11.68,0.0023
6,0.0577,-1070.0,3.03,8.245999999999999e-07,1.004e-12,-12.0,0.002
6,0.0576,-1230.0,3.091,5.999000000000001e-07,4.859e-13,-12.31,0.0016
6,0.0575,-1420.0,3.1519999999999997,4.364e-07,2.352e-13,-12.63,0.0014
6,0.0574,-1630.0,3.2119999999999997,3.175e-07,1.138e-13,-12.94,0.0011
6,0.0573,-1870.0,3.273,2.3100000000000002e-07,5.51e-14,-13.26,0.001
6,0.0573,-2150.0,3.333,1.68e-07,2.6669999999999998e-14,-13.57,0.0008
6,0.0572,-2480.0,3.3939999999999997,1.222e-07,1.2909999999999999e-14,-13.89,0.0007
6,0.0572,-2850.0,3.455,8.892000000000002e-08,6.247e-15,-14.2,0.0006
6,0.0572,-3270.0,3.515,6.468e-08,3.024e-15,-14.52,0.0005
6,0.0571,-3760.0,3.576,4.7060000000000006e-08,1.4630000000000001e-15,-14.83,0.0004
6,0.0571,-4330.0,3.636,3.423e-08,7.082999999999999e-16,-15.15,0.0003
6,0.0571,-4980.0,3.697,2.49e-08,3.4279999999999997e-16,-15.46,0.0003
6,0.0571,-5720.0,3.758,1.812e-08,1.659e-16,-15.78,0.0002
6,0.0571,-6580.0,3.818,1.3180000000000001e-08,8.031e-17,-16.1,0.0002
6,0.0571,-7560.0,3.8789999999999996,9.588e-09,3.887e-17,-16.41,0.0002
6,0.057,-8700.0,3.9389999999999996,6.9750000000000004e-09,1.8809999999999998e-17,-16.73,0.0001
6,0.057,-10000.0,4.0,5.074e-09,9.106e-18,-17.04,0.0001
7,0.41,-0.0132,-1.879,0.0,0.07368,-1.133,1.0
7,0.41,-0.0152,-1.818,0.0,0.07368,-1.133,1.0
7,0.41,-0.0175,-1.758,0.0,0.07368,-1.133,1.0
7,0.41,-0.0201,-1.6969999999999998,0.0,0.07368,-1.133,1.0
7,0.41,-0.0231,-1.636,0.0,0.07368,-1.133,1.0
7,0.41,-0.0266,-1.5759999999999998,0.0,0.07368,-1.133,1.0
7,0.41,-0.0305,-1.515,0.0,0.07368,-1.133,1.0
7,0.41,-0.0351,-1.455,0.0,0.07368,-1.133,1.0
7,0.41,-0.0404,-1.3940000000000001,0.0,0.07368,-1.133,1.0
7,0.41,-0.0464,-1.3330000000000002,0.0,0.07368,-1.133,1.0
7,0.41,-0.0534,-1.273,0.0,0.07368,-1.133,1.0
7,0.41,-0.0614,-1.212,0.0,0.07368,-1.133,1.0
7,0.41,-0.0705,-1.1520000000000001,0.0,0.07368,-1.133,1.0
7,0.41,-0.0811,-1.091,0.0,0.07368,-1.133,1.0
7,0.41,-0.0933,-1.03,0.0,0.07368,-1.133,1.0
7,0.41,-0.107,-0.9697,0.0,0.07368,-1.133,1.0
7,0.41,-0.12300000000000001,-0.9091,0.0,0.07368,-1.133,1.0
7,0.41,-0.142,-0.8485,0.0,0.07368,-1.133,1.0
7,0.41,-0.163,-0.7879,0.0,0.07368,-1.133,1.0
7,0.41,-0.187,-0.7273,0.0,0.07368,-1.133,1.0
7,0.41,-0.215,-0.6667,0.0,0.07368,-1.133,1.0
7,0.41,-0.248,-0.6061,0.0,0.07368,-1.133,1.0
7,0.41,-0.285,-0.5455,0.0,0.07368,-1.133,1.0
7,0.41,-0.327,-0.4848,0.0,0.07368,-1.133,1.0
7,0.41,-0.376,-0.4242,0.0,0.07368,-1.133,1.0
7,0.41,-0.433,-0.3636,0.0,0.07368,-1.133,1.0
7,0.41,-0.498,-0.303,0.0,0.07368,-1.133,1.0
7,0.41,-0.5720000000000001,-0.2424,0.0,0.07368,-1.133,1.0
7,0.41,-0.6579999999999999,-0.1818,0.0,0.07368,-1.133,1.0
7,0.41,-0.7559999999999999,-0.1212,0.0,0.07368,-1.133,1.0
7,0.41,-0.87,-0.060610000000000004,0.0,0.07368,-1.133,1.0
7,0.41,-1.0,0.0,0.0,0.07368,-1.133,1.0
7,0.41,-1.15,0.060610000000000004,0.0,0.07368,-1.133,1.0
7,0.41,-1.32,0.1212,0.0,0.07368,-1.133,1.0
7,0.41,-1.52,0.1818,0.0,0.07368,-1.133,1.0
7,0.41,-1.75,0.2424,0.0,0.07368,-1.133,1.0
7,0.41,-2.01,0.303,0.004157,0.07355,-1.133,0.9999
7,0.4086,-2.31,0.3636,0.00465,0.06925,-1.16,0.996
7,0.4069,-2.66,0.4242,0.005184,0.0646,-1.19,0.9911
7,0.4048,-3.05,0.4848,0.005754,0.0596,-1.225,0.9848
7,0.402,-3.51,0.5455,0.00635,0.05429,-1.265,0.9768
7,0.3985,-4.04,0.6061,0.006959,0.04872,-1.3119999999999998,0.9666
7,0.3941,-4.64,0.6667,0.007559000000000001,0.042980000000000004,-1.367,0.9539
7,0.3886,-5.34,0.7273,0.008123,0.03717,-1.43,0.9381
7,0.3819,-6.14,0.7879,0.008616,0.031439999999999996,-1.5030000000000001,0.9186
7,0.3738,-7.05,0.8485,0.008997,0.02592,-1.5859999999999999,0.8951
7,0.3642,-8.11,0.9091,0.009226,0.02078,-1.682,0.8672
7,0.3529,-9.33,0.9697,0.009267000000000001,0.01616,-1.7919999999999998,0.8346
7,0.3401,-10.7,1.03,0.009098,0.01217,-1.915,0.7973
7,0.3258,-12.3,1.091,0.008717,0.008863,-2.052,0.7558
7,0.3102,-14.2,1.1520000000000001,0.008142,0.006241,-2.205,0.7107
7,0.2937,-16.3,1.212,0.0074140000000000005,0.004253,-2.371,0.6628
7,0.2766,-18.7,1.273,0.006587000000000001,0.002809,-2.551,0.6133
7,0.2593,-21.5,1.3330000000000002,0.005719,0.0018030000000000001,-2.7439999999999998,0.5633
7,0.2423,-24.8,1.3940000000000001,0.004863,0.0011279999999999999,-2.948,0.514
7,0.2258,-28.5,1.455,0.004059,0.0006898,-3.161,0.4662
7,0.2101,-32.7,1.515,0.003334,0.000414,-3.383,0.4207
7,0.1954,-37.6,1.5759999999999998,0.002703,0.0002445,-3.612,0.378
7,0.1818,-43.3,1.636,0.002166,0.0001425,-3.846,0.3384
7,0.1692,-49.8,1.6969999999999998,0.001721,8.221e-05,-4.085,0.3021
7,0.1578,-57.2,1.758,0.0013570000000000001,4.701e-05,-4.328,0.2691
7,0.1475,-65.8,1.818,0.001064,2.67e-05,-4.573,0.2392
7,0.1383,-75.6,1.879,0.0008308,1.509e-05,-4.821000000000001,0.2124
7,0.13,-87.0,1.939,0.0006462000000000001,8.487e-06,-5.071000000000001,0.1883
7,0.1226,-100.0,2.0,0.0005011999999999999,4.759e-06,-5.322,0.1668
7,0.116,-115.0,2.061,0.0003878,2.662e-06,-5.575,0.1477
7,0.1101,-132.0,2.121,0.0002996,1.486e-06,-5.827999999999999,0.1307
7,0.1049,-152.0,2.182,0.00023119999999999998,8.284000000000001e-07,-6.082000000000001,0.1156
7,0.1003,-175.0,2.242,0.00017819999999999997,4.612e-07,-6.336,0.1022
7,0.0962,-201.0,2.303,0.0001372,2.565e-07,-6.591,0.0903
7,0.0925,-231.0,2.364,0.0001056,1.426e-07,-6.846,0.0798
7,0.0893,-266.0,2.424,8.127e-05,7.922e-08,-7.101,0.0705
7,0.0865,-305.0,2.485,6.251e-05,4.399e-08,-7.357,0.0623
7,0.084,-351.0,2.545,4.806e-05,2.4419999999999996e-08,-7.612,0.0551
7,0.0818,-404.0,2.6060000000000003,3.694e-05,1.355e-08,-7.867999999999999,0.0486
7,0.0798,-464.0,2.667,2.839e-05,7.521e-09,-8.124,0.043
7,0.0781,-534.0,2.727,2.182e-05,4.173e-09,-8.38,0.038
7,0.0766,-614.0,2.7880000000000003,1.677e-05,2.315e-09,-8.635,0.0335
7,0.0752,-705.0,2.8480000000000003,1.288e-05,1.284e-09,-8.891,0.0296
7,0.074,-811.0,2.909,9.897999999999999e-06,7.122000000000001e-10,-9.147,0.0262
7,0.073,-933.0,2.97,7.6039999999999995e-06,3.95e-10,-9.402999999999999,0.0231
7,0.072,-1070.0,3.03,5.842e-06,2.191e-10,-9.658999999999999,0.0204
7,0.0712,-1230.0,3.091,4.488e-06,1.215e-10,-9.915,0.018
7,0.0705,-1420.0,3.1519999999999997,3.4480000000000003e-06,6.739e-11,-10.17,0.0159
7,0.0699,-1630.0,3.2119999999999997,2.649e-06,3.7369999999999996e-11,-10.43,0.0141
7,0.0693,-1870.0,3.273,2.035e-06,2.0730000000000002e-11,-10.68,0.0124
7,0.0688,-2150.0,3.333,1.5630000000000001e-06,1.149e-11,-10.94,0.011
7,0.0683,-2480.0,3.3939999999999997,1.201e-06,6.374e-12,-11.2,0.0097
7,0.068,-2850.0,3.455,9.223e-07,3.535e-12,-11.45,0.0086
7,0.0676,-3270.0,3.515,7.085e-07,1.96e-12,-11.71,0.0076
7,0.0673,-3760.0,3.576,5.443e-07,1.087e-12,-11.96,0.0067
7,0.067,-4330.0,3.636,4.181e-07,6.028e-13,-12.22,0.0059
7,0.0668,-4980.0,3.697,3.212e-07,3.343e-13,-12.48,0.0052
7,0.0666,-5720.0,3.758,2.467e-07,1.854e-13,-12.73,0.0046
7,0.0664,-6580.0,3.818,1.895e-07,1.028e-13,-12.99,0.0041
7,0.0662,-7560.0,3.8789999999999996,1.456e-07,5.701e-14,-13.24,0.0036
7,0.0661,-8700.0,3.9389999999999996,1.118e-07,3.162e-14,-13.5,0.0032
7,0.066,-10000.0,4.0,8.59e-08,1.7530000000000002e-14,-13.76,0.0028
8,0.46,-0.0132,-1.879,0.0,0.0041670000000000006,-2.38,1.0
8,0.46,-0.0152,-1.818,0.0,0.0041670000000000006,-2.38,1.0
8,0.46,-0.0175,-1.758,0.0,0.0041670000000000006,-2.38,1.0
8,0.46,-0.0201,-1.6969999999999998,0.0,0.0041670000000000006,-2.38,1.0
8,0.46,-0.0231,-1.636,0.0,0.0041670000000000006,-2.38,1.0
8,0.46,-0.0266,-1.5759999999999998,0.0,0.0041670000000000006,-2.38,1.0
8,0.46,-0.0305,-1.515,0.0,0.0041670000000000006,-2.38,1.0
8,0.46,-0.0351,-1.455,0.0,0.0041670000000000006,-2.38,1.0
8,0.46,-0.0404,-1.3940000000000001,0.0,0.0041670000000000006,-2.38,1.0
8,0.46,-0.0464,-1.3330000000000002,0.0,0.0041670000000000006,-2.38,1.0
8,0.46,-0.0534,-1.273,0.0,0.0041670000000000006,-2.38,1.0
8,0.46,-0.0614,-1.212,0.0,0.0041670000000000006,-2.38,1.0
8,0.46,-0.0705,-1.1520000000000001,0.0,0.0041670000000000006,-2.38,1.0
8,0.46,-0.0811,-1.091,0.0,0.0041670000000000006,-2.38,1.0
8,0.46,-0.0933,-1.03,0.0,0.0041670000000000006,-2.38,1.0
8,0.46,-0.107,-0.9697,0.0,0.0041670000000000006,-2.38,1.0
8,0.46,-0.12300000000000001,-0.9091,0.0,0.0041670000000000006,-2.38,1.0
8,0.46,-0.142,-0.8485,0.0,0.0041670000000000006,-2.38,1.0
8,0.46,-0.163,-0.7879,0.0,0.0041670000000000006,-2.38,1.0
8,0.46,-0.187,-0.7273,0.0,0.0041670000000000006,-2.38,1.0
8,0.46,-0.215,-0.6667,0.0,0.0041670000000000006,-2.38,1.0
8,0.46,-0.248,-0.6061,0.0,0.0041670000000000006,-2.38,1.0
8,0.46,-0.285,-0.5455,0.0,0.0041670000000000006,-2.38,1.0
8,0.46,-0.327,-0.4848,0.0,0.0041670000000000006,-2.38,1.0
8,0.46,-0.376,-0.4242,0.0,0.0041670000000000006,-2.38,1.0
8,0.46,-0.433,-0.3636,0.0,0.0041670000000000006,-2.38,1.0
8,0.46,-0.498,-0.303,0.0,0.0041670000000000006,-2.38,1.0
8,0.46,-0.5720000000000001,-0.2424,0.0,0.0041670000000000006,-2.38,1.0
8,0.46,-0.6579999999999999,-0.1818,0.0,0.0041670000000000006,-2.38,1.0
8,0.46,-0.7559999999999999,-0.1212,0.0,0.0041670000000000006,-2.38,1.0
8,0.46,-0.87,-0.060610000000000004,0.0,0.0041670000000000006,-2.38,1.0
8,0.46,-1.0,0.0,0.0,0.0041670000000000006,-2.38,1.0
8,0.46,-1.15,0.060610000000000004,0.0,0.0041670000000000006,-2.38,1.0
8,0.46,-1.32,0.1212,0.0,0.0041670000000000006,-2.38,1.0
8,0.46,-1.52,0.1818,0.0,0.0041670000000000006,-2.38,1.0
8,0.46,-1.75,0.2424,0.0,0.0041670000000000006,-2.38,1.0
8,0.46,-2.01,0.303,0.0007006,0.004161,-2.381,1.0
8,0.4598,-2.31,0.3636,0.000736,0.003992,-2.399,0.9995
8,0.4595,-2.66,0.4242,0.0007727000000000001,0.003819,-2.418,0.9989
8,0.4592,-3.05,0.4848,0.0008109,0.0036409999999999997,-2.439,0.9981
8,0.4588,-3.51,0.5455,0.0008502000000000001,0.0034579999999999997,-2.461,0.9972
8,0.4584,-4.04,0.6061,0.0008908,0.0032719999999999997,-2.485,0.9962
8,0.4578,-4.64,0.6667,0.0009323000000000001,0.003082,-2.511,0.9949
8,0.4571,-5.34,0.7273,0.0009744999999999999,0.0028899999999999998,-2.539,0.9933
8,0.4564,-6.14,0.7879,0.001017,0.002695,-2.569,0.9914
8,0.4554,-7.05,0.8485,0.00106,0.002499,-2.602,0.9892
8,0.4543,-8.11,0.9091,0.001102,0.002303,-2.638,0.9865
8,0.4529,-9.33,0.9697,0.001142,0.002107,-2.676,0.9833
8,0.4513,-10.7,1.03,0.001181,0.001913,-2.718,0.9795
8,0.4493,-12.3,1.091,0.001217,0.0017230000000000001,-2.764,0.975
8,0.4471,-14.2,1.1520000000000001,0.0012490000000000001,0.001538,-2.813,0.9696
8,0.4444,-16.3,1.212,0.001275,0.001359,-2.867,0.9633
8,0.4412,-18.7,1.273,0.001295,0.001188,-2.925,0.956
8,0.4376,-21.5,1.3330000000000002,0.001307,0.001027,-2.989,0.9474
8,0.4334,-24.8,1.3940000000000001,0.00131,0.0008763,-3.057,0.9375
8,0.4285,-28.5,1.455,0.001302,0.0007379999999999999,-3.1319999999999997,0.9261
8,0.423,-32.7,1.515,0.001284,0.0006129,-3.213,0.9131
8,0.4168,-37.6,1.5759999999999998,0.001253,0.0005017,-3.3,0.8985
8,0.4098,-43.3,1.636,0.00121,0.00040439999999999996,-3.3930000000000002,0.8822
8,0.4022,-49.8,1.6969999999999998,0.001157,0.00032110000000000005,-3.4930000000000003,0.8642
8,0.3938,-57.2,1.758,0.001093,0.000251,-3.6,0.8445
8,0.3847,-65.8,1.818,0.001021,0.0001932,-3.714,0.8233
8,0.375,-75.6,1.879,0.0009425000000000001,0.0001465,-3.8339999999999996,0.8006
8,0.3648,-87.0,1.939,0.0008603999999999999,0.00010949999999999999,-3.9610000000000003,0.7766
8,0.3542,-100.0,2.0,0.0007767000000000001,8.072e-05,-4.093,0.7516
8,0.3432,-115.0,2.061,0.0006940000000000001,5.875e-05,-4.231,0.7258
8,0.332,-132.0,2.121,0.000614,4.226e-05,-4.374,0.6994
8,0.3206,-152.0,2.182,0.0005382999999999999,3.008e-05,-4.522,0.6727
8,0.3092,-175.0,2.242,0.0004681,2.12e-05,-4.6739999999999995,0.6459
8,0.2978,-201.0,2.303,0.0004041,1.482e-05,-4.829,0.6192
8,0.2865,-231.0,2.364,0.0003466,1.028e-05,-4.988,0.5928
8,0.2754,-266.0,2.424,0.00029560000000000003,7.085e-06,-5.15,0.5668
8,0.2646,-305.0,2.485,0.00025089999999999997,4.855e-06,-5.314,0.5414
8,0.2541,-351.0,2.545,0.000212,3.311e-06,-5.48,0.5166
8,0.2439,-404.0,2.6060000000000003,0.0001785,2.249e-06,-5.648,0.4926
8,0.234,-464.0,2.667,0.0001498,1.5219999999999998e-06,-5.818,0.4694
8,0.2245,-534.0,2.727,0.0001254,1.027e-06,-5.9879999999999995,0.4471
8,0.2153,-614.0,2.7880000000000003,0.0001047,6.915000000000001e-07,-6.16,0.4256
8,0.2065,-705.0,2.8480000000000003,8.732e-05,4.645e-07,-6.332999999999999,0.405
8,0.1981,-811.0,2.909,7.269e-05,3.115e-07,-6.507000000000001,0.3852
8,0.1901,-933.0,2.97,6.042e-05,2.086e-07,-6.681,0.3663
8,0.1824,-1070.0,3.03,5.018e-05,1.395e-07,-6.855,0.3483
8,0.175,-1230.0,3.091,4.163e-05,9.321e-08,-7.031000000000001,0.3311
8,0.168,-1420.0,3.1519999999999997,3.451e-05,6.222000000000001e-08,-7.206,0.3147
8,0.1614,-1630.0,3.2119999999999997,2.859e-05,4.151e-08,-7.382000000000001,0.299
8,0.155,-1870.0,3.273,2.368e-05,2.767e-08,-7.558,0.2841
8,0.149,-2150.0,3.333,1.96e-05,1.8440000000000002e-08,-7.734,0.2699
8,0.1432,-2480.0,3.3939999999999997,1.621e-05,1.228e-08,-7.9110000000000005,0.2565
8,0.1378,-2850.0,3.455,1.341e-05,8.18e-09,-8.087,0.2436
8,0.1326,-3270.0,3.515,1.109e-05,5.446e-09,-8.264,0.2314
8,0.1276,-3760.0,3.576,9.169e-06,3.624e-09,-8.441,0.2198
8,0.1229,-4330.0,3.636,7.58e-06,2.412e-09,-8.618,0.2088
8,0.1185,-4980.0,3.697,6.265e-06,1.605e-09,-8.795,0.1983
8,0.1142,-5720.0,3.758,5.177999999999999e-06,1.068e-09,-8.972000000000001,0.1884
8,0.1102,-6580.0,3.818,4.278e-06,7.101000000000001e-10,-9.149,0.1789
8,0.1064,-7560.0,3.8789999999999996,3.535e-06,4.723e-10,-9.326,0.1699
8,0.1027,-8700.0,3.9389999999999996,2.921e-06,3.141e-10,-9.503,0.1614
8,0.0993,-10000.0,4.0,2.413e-06,2.089e-10,-9.68,0.1533
9,0.45,-0.0132,-1.879,0.0,0.0075,-2.125,1.0
9,0.45,-0.0152,-1.818,0.0,0.0075,-2.125,1.0
9,0.45,-0.0175,-1.758,0.0,0.0075,-2.125,1.0
9,0.45,-0.0201,-1.6969999999999998,0.0,0.0075,-2.125,1.0
9,0.45,-0.0231,-1.636,0.0,0.0075,-2.125,1.0
9,0.45,-0.0266,-1.5759999999999998,0.0,0.0075,-2.125,1.0
9,0.45,-0.0305,-1.515,0.0,0.0075,-2.125,1.0
9,0.45,-0.0351,-1.455,0.0,0.0075,-2.125,1.0
9,0.45,-0.0404,-1.3940000000000001,0.0,0.0075,-2.125,1.0
9,0.45,-0.0464,-1.3330000000000002,0.0,0.0075,-2.125,1.0
9,0.45,-0.0534,-1.273,0.0,0.0075,-2.125,1.0
9,0.45,-0.0614,-1.212,0.0,0.0075,-2.125,1.0
9,0.45,-0.0705,-1.1520000000000001,0.0,0.0075,-2.125,1.0
9,0.45,-0.0811,-1.091,0.0,0.0075,-2.125,1.0
9,0.45,-0.0933,-1.03,0.0,0.0075,-2.125,1.0
9,0.45,-0.107,-0.9697,0.0,0.0075,-2.125,1.0
9,0.45,-0.12300000000000001,-0.9091,0.0,0.0075,-2.125,1.0
9,0.45,-0.142,-0.8485,0.0,0.0075,-2.125,1.0
9,0.45,-0.163,-0.7879,0.0,0.0075,-2.125,1.0
9,0.45,-0.187,-0.7273,0.0,0.0075,-2.125,1.0
9,0.45,-0.215,-0.6667,0.0,0.0075,-2.125,1.0
9,0.45,-0.248,-0.6061,0.0,0.0075,-2.125,1.0
9,0.45,-0.285,-0.5455,0.0,0.0075,-2.125,1.0
9,0.45,-0.327,-0.4848,0.0,0.0075,-2.125,1.0
9,0.45,-0.376,-0.4242,0.0,0.0075,-2.125,1.0
9,0.45,-0.433,-0.3636,0.0,0.0075,-2.125,1.0
9,0.45,-0.498,-0.303,0.0,0.0075,-2.125,1.0
9,0.45,-0.5720000000000001,-0.2424,0.0,0.0075,-2.125,1.0
9,0.45,-0.6579999999999999,-0.1818,0.0,0.0075,-2.125,1.0
9,0.45,-0.7559999999999999,-0.1212,0.0,0.0075,-2.125,1.0
9,0.45,-0.87,-0.060610000000000004,0.0,0.0075,-2.125,1.0
9,0.45,-1.0,0.0,0.0,0.0075,-2.125,1.0
9,0.45,-1.15,0.060610000000000004,0.0,0.0075,-2.125,1.0
9,0.45,-1.32,0.1212,0.0,0.0075,-2.125,1.0
9,0.45,-1.52,0.1818,0.0,0.0075,-2.125,1.0
9,0.45,-1.75,0.2424,0.0,0.0075,-2.125,1.0
9,0.45,-2.01,0.303,0.0008317999999999999,0.007490000000000001,-2.126,1.0
9,0.4497,-2.31,0.3636,0.0008782,0.0071730000000000006,-2.144,0.9993
9,0.4494,-2.66,0.4242,0.0009265,0.006847,-2.165,0.9985
9,0.449,-3.05,0.4848,0.0009767999999999999,0.006509999999999999,-2.186,0.9975
9,0.4486,-3.51,0.5455,0.001029,0.0061649999999999995,-2.21,0.9963
9,0.448,-4.04,0.6061,0.001082,0.00581,-2.2359999999999998,0.9949
9,0.4474,-4.64,0.6667,0.001137,0.005449,-2.2640000000000002,0.9931
9,0.4465,-5.34,0.7273,0.001193,0.005082,-2.294,0.991
9,0.4456,-6.14,0.7879,0.0012490000000000001,0.00471,-2.327,0.9884
9,0.4444,-7.05,0.8485,0.0013039999999999998,0.004336,-2.363,0.9854
9,0.443,-8.11,0.9091,0.001358,0.003963,-2.4019999999999997,0.9817
9,0.4413,-9.33,0.9697,0.00141,0.0035909999999999996,-2.445,0.9773
9,0.4393,-10.7,1.03,0.001458,0.0032259999999999997,-2.491,0.9721
9,0.4369,-12.3,1.091,0.0015,0.002869,-2.542,0.9659
9,0.4341,-14.2,1.1520000000000001,0.001536,0.0025239999999999998,-2.5980000000000003,0.9586
9,0.4308,-16.3,1.212,0.001562,0.002194,-2.659,0.95
9,0.427,-18.7,1.273,0.001578,0.001884,-2.725,0.9399
9,0.4226,-21.5,1.3330000000000002,0.001582,0.0015949999999999998,-2.7969999999999997,0.9284
9,0.4175,-24.8,1.3940000000000001,0.0015710000000000001,0.0013310000000000002,-2.8760000000000003,0.9151
9,0.4117,-28.5,1.455,0.001545,0.001094,-2.9610000000000003,0.9
9,0.4052,-32.7,1.515,0.001504,0.0008851000000000001,-3.053,0.883
9,0.3979,-37.6,1.5759999999999998,0.001446,0.0007042999999999999,-3.1519999999999997,0.8641
9,0.39,-43.3,1.636,0.001375,0.0005512000000000001,-3.259,0.8433
9,0.3814,-49.8,1.6969999999999998,0.001291,0.0004242,-3.372,0.8208
9,0.3721,-57.2,1.758,0.0011970000000000001,0.0003212,-3.4930000000000003,0.7966
9,0.3623,-65.8,1.818,0.0010960000000000002,0.00023940000000000002,-3.6210000000000004,0.7709
9,0.352,-75.6,1.879,0.0009916,0.0001758,-3.755,0.7441
9,0.3414,-87.0,1.939,0.0008869999999999999,0.0001273,-3.895,0.7164
9,0.3305,-100.0,2.0,0.000785,9.093e-05,-4.041,0.688
9,0.3195,-115.0,2.061,0.0006877999999999999,6.421e-05,-4.192,0.6593
9,0.3085,-132.0,2.121,0.0005972999999999999,4.486e-05,-4.348,0.6305
9,0.2975,-152.0,2.182,0.0005145,3.104e-05,-4.508,0.6018
9,0.2867,-175.0,2.242,0.00044,2.131e-05,-4.671,0.5735
9,0.2761,-201.0,2.303,0.00037400000000000004,1.452e-05,-4.838,0.5458
9,0.2657,-231.0,2.364,0.0003161,9.832999999999999e-06,-5.007,0.5188
9,0.2557,-266.0,2.424,0.000266,6.624e-06,-5.178999999999999,0.4926
9,0.246,-305.0,2.485,0.0002229,4.442e-06,-5.352,0.4674
9,0.2367,-351.0,2.545,0.0001862,2.9680000000000002e-06,-5.528,0.443
9,0.2278,-404.0,2.6060000000000003,0.0001551,1.977e-06,-5.704,0.4197
9,0.2192,-464.0,2.667,0.00012890000000000002,1.3130000000000002e-06,-5.882000000000001,0.3974
9,0.2111,-534.0,2.727,0.0001069,8.7e-07,-6.06,0.3761
9,0.2033,-614.0,2.7880000000000003,8.849e-05,5.754999999999999e-07,-6.24,0.3558
9,0.1959,-705.0,2.8480000000000003,7.316e-05,3.8009999999999997e-07,-6.42,0.3366
9,0.1889,-811.0,2.909,6.042e-05,2.507e-07,-6.601,0.3182
9,0.1822,-933.0,2.97,4.985e-05,1.652e-07,-6.782,0.3008
9,0.1759,-1070.0,3.03,4.109e-05,1.0869999999999999e-07,-6.9639999999999995,0.2843
9,0.1699,-1230.0,3.091,3.386e-05,7.154e-08,-7.145,0.2687
9,0.1642,-1420.0,3.1519999999999997,2.788e-05,4.7030000000000005e-08,-7.327999999999999,0.2539
9,0.1589,-1630.0,3.2119999999999997,2.295e-05,3.0910000000000003e-08,-7.51,0.2399
9,0.1538,-1870.0,3.273,1.888e-05,2.0299999999999996e-08,-7.692,0.2266
9,0.149,-2150.0,3.333,1.553e-05,1.3330000000000003e-08,-7.875,0.2141
9,0.1445,-2480.0,3.3939999999999997,1.277e-05,8.752e-09,-8.058,0.2023
9,0.1402,-2850.0,3.455,1.05e-05,5.744e-09,-8.241,0.191
9,0.1361,-3270.0,3.515,8.63e-06,3.7690000000000005e-09,-8.424,0.1805
9,0.1323,-3760.0,3.576,7.093e-06,2.473e-09,-8.607000000000001,0.1704
9,0.1287,-4330.0,3.636,5.829e-06,1.6220000000000002e-09,-8.79,0.161
9,0.1252,-4980.0,3.697,4.79e-06,1.064e-09,-8.972999999999999,0.152
9,0.122,-5720.0,3.758,3.936e-06,6.98e-10,-9.156,0.1436
9,0.1189,-6580.0,3.818,3.234e-06,4.578e-10,-9.339,0.1356
9,0.1161,-7560.0,3.8789999999999996,2.6569999999999997e-06,3.0019999999999996e-10,-9.523,0.1281
9,0.1133,-8700.0,3.9389999999999996,2.183e-06,1.9689999999999999e-10,-9.706,0.121
9,0.1108,-10000.0,4.0,1.793e-06,1.291e-10,-9.889,0.1142
