Time_T,CumQAP_L3,CumQRP_L3,CumQA_L3,CumQR_L3,CumQ3_L3,CumQ1_L3,CumQS_L3,CumQ5_L3,CumQ6_L3,CumQ7_L3,CumQ8_L3,CumQ9_L3,CRunOff_L3,cEvapor_L3,cInfiltr_L3,hAtm_L,hRoot_L,hKode3_L,hKode1_L,hSeep_L,hKode5_L,hKode6_L,hKode7_L,hKode8_L,hKode9_L,rAtm_LpT,rRoot_LpT,vAtm_LpT,vRoot_LpT,vKode3_L3pT,vKode1_L3pT,vSeep_L3pT,vKode5_L3pT,vKode6_L3pT,vKode7_L3pT,vKode8_L3pT,vKode9_L3pT,RunOff_LpT,Evapor_LpT,Infiltr_LpT,SnowLayer_L,dt,Iter,ItCum
0.001,0.0,0.0,0.0,0.0,-0.0675,0.0,0.0,0.0,0.000377,0.0,0.0,0.0,0.0,0.0,0.0,-20.8,0.0,-20.6,0.0,0.0,0.0,-21.8,0.0,0.0,0.0,0.0,0.000278,0.0,0.0,-67.5,0.0,0.0,0.0,0.377,0.0,0.0,0.0,0.0,0.0,0.0,0.0,0.001,5,5
0.002,0.0,0.0,0.0,0.0,-0.135,0.0,0.0,0.0,0.000661,0.0,0.0,0.0,0.0,0.0,0.0,-20.8,0.0,-20.3,0.0,0.0,0.0,-22.4,0.0,0.0,0.0,0.0,0.000278,0.0,0.0,-67.5,0.0,0.0,0.0,0.285,0.0,0.0,0.0,0.0,0.0,0.0,0.0,0.001,4,9
0.003,0.0,0.0,0.0,0.0,-0.203,0.0,0.0,0.0,0.0008990000000000001,0.0,0.0,0.0,0.0,0.0,0.0,-20.8,0.0,-20.1,0.0,0.0,0.0,-22.9,0.0,0.0,0.0,0.0,0.000278,0.0,0.0,-67.5,0.0,0.0,0.0,0.23800000000000002,0.0,0.0,0.0,0.0,0.0,0.0,0.0,0.001,3,12
0.0043,0.0,0.0,0.0,0.0,-0.29,0.0,0.0,0.0,0.00117,0.0,0.0,0.0,0.0,0.0,0.0,-20.8,0.0,-19.8,0.0,0.0,0.0,-23.4,0.0,0.0,0.0,0.0,0.000278,0.0,0.0,-67.5,0.0,0.0,0.0,0.20800000000000002,0.0,0.0,0.0,0.0,0.0,0.0,0.0,0.0013,3,15
0.006,0.0,0.0,0.0,0.0,-0.40399999999999997,0.0,0.0,0.0,0.00148,0.0,0.0,0.0,0.0,0.0,0.0,-20.8,0.0,-19.4,0.0,0.0,0.0,-23.9,0.0,0.0,0.0,0.0,0.000278,0.0,0.0,-67.5,0.0,0.0,0.0,0.183,0.0,0.0,0.0,0.0,0.0,0.0,0.0,0.0016899999999999999,3,18
0.0082,0.0,0.0,0.0,0.0,-0.5529999999999999,0.0,0.0,0.0,0.00183,0.0,0.0,0.0,0.0,0.0,0.0,-20.9,0.0,-19.0,0.0,0.0,0.0,-24.4,0.0,0.0,0.0,0.0,0.000278,0.0,0.0,-67.5,0.0,0.0,0.0,0.161,0.0,0.0,0.0,0.0,0.0,0.0,0.0,0.0021969999999999997,3,21
0.011,0.0,0.0,0.0,0.0,-0.745,0.0,0.0,0.0,0.00224,0.0,0.0,0.0,0.0,0.0,0.0,-20.9,0.0,-18.4,0.0,0.0,0.0,-24.9,0.0,0.0,0.0,0.0,0.000278,0.0,0.0,-67.5,0.0,0.0,0.0,0.142,0.0,0.0,0.0,0.0,0.0,0.0,0.0,0.0028561,3,24
0.0148,0.0,0.0,0.0,0.0,-0.996,0.0,0.0,0.0,0.0027,0.0,0.0,0.0,0.0,0.0,0.0,-20.9,0.0,-17.8,0.0,0.0,0.0,-25.5,0.0,0.0,0.0,0.0,0.000278,0.0,0.0,-67.5,0.0,0.0,0.0,0.124,0.0,0.0,0.0,0.0,0.0,0.0,0.0,0.0037129,3,27
0.0196,0.0,0.0,0.0,0.0,-1.32,0.0,0.0,0.0,0.00323,0.0,0.0,0.0,0.0,0.0,0.0,-20.9,0.0,-17.2,0.0,0.0,0.0,-26.0,0.0,0.0,0.0,0.0,0.000278,0.0,0.0,-67.5,0.0,0.0,0.0,0.109,0.0,0.0,0.0,0.0,0.0,0.0,0.0,0.0048268,3,30
0.0259,0.0,0.0,0.0,0.0,-1.75,0.0,0.0,0.0,0.0038299999999999996,0.0,0.0,0.0,0.0,0.0,0.0,-20.9,0.0,-16.4,0.0,0.0,0.0,-26.6,0.0,0.0,0.0,0.0,0.000278,0.0,0.0,-67.5,0.0,0.0,0.0,0.0957,0.0,0.0,0.0,0.0,0.0,0.0,0.0,0.0062749,3,33
0.034,0.0,0.0,0.0,0.0,-2.3,0.0,0.0,0.0,0.00451,0.0,0.0,0.0,0.0,0.0,0.0,-21.0,0.0,-15.7,0.0,0.0,0.0,-27.2,0.0,0.0,0.0,0.0,0.000278,0.0,0.0,-67.5,0.0,0.0,0.0,0.0837,0.0,0.0,0.0,0.0,0.0,0.0,0.0,0.008157300000000001,3,36
0.0446,0.0,0.0,0.0,0.0,-3.01,0.0,0.0,0.0,0.0052899999999999996,0.0,0.0,0.0,0.0,0.0,0.0,-21.0,0.0,-15.0,0.0,0.0,0.0,-27.8,0.0,0.0,0.0,0.0,0.000278,0.0,0.0,-67.5,0.0,0.0,0.0,0.0732,0.0,0.0,0.0,0.0,0.0,0.0,0.0,0.010604,3,39
0.0584,0.0,0.0,0.0,0.0,-3.94,0.0,0.0,0.0,0.00617,0.0,0.0,0.0,0.0,0.0,0.0,-21.1,0.0,-14.4,0.0,0.0,0.0,-28.4,0.0,0.0,0.0,0.0,0.000278,0.0,0.0,-67.5,0.0,0.0,0.0,0.064,0.0,0.0,0.0,0.0,0.0,0.0,0.0,0.013786000000000001,4,43
0.0722,0.0,0.0,0.0,0.0,-4.87,0.0,0.0,0.0,0.006940000000000001,0.0,0.0,0.0,0.0,0.0,0.0,-21.2,0.0,-14.0,0.0,0.0,0.0,-28.9,0.0,0.0,0.0,0.0,0.000278,0.0,0.0,-67.5,0.0,0.0,0.0,0.0561,0.0,0.0,0.0,0.0,0.0,0.0,0.0,0.013786000000000001,4,47
0.086,0.0,0.0,0.0,0.0,-5.8,0.0,0.0,0.0,0.007640000000000001,0.0,0.0,0.0,0.0,0.0,0.0,-21.3,0.0,-13.7,0.0,0.0,0.0,-29.3,0.0,0.0,0.0,0.0,0.000278,0.0,0.0,-67.5,0.0,0.0,0.0,0.0504,0.0,0.0,0.0,0.0,0.0,0.0,0.0,0.013786000000000001,4,51
0.0998,0.0,0.0,0.0,0.0,-6.73,0.0,0.0,0.0,0.00827,0.0,0.0,0.0,0.0,0.0,0.0,-21.4,0.0,-13.5,0.0,0.0,0.0,-29.6,0.0,0.0,0.0,0.0,0.000278,0.0,0.0,-67.5,0.0,0.0,0.0,0.0461,0.0,0.0,0.0,0.0,0.0,0.0,0.0,0.013786000000000001,3,54
0.1177,0.0,0.0,0.0,0.0,-7.94,0.0,0.0,0.0,0.009040000000000001,0.0,0.0,0.0,0.0,0.0,0.0,-21.5,0.0,-13.3,0.0,0.0,0.0,-30.0,0.0,0.0,0.0,0.0,0.000278,0.0,0.0,-67.5,0.0,0.0,0.0,0.0428,0.0,0.0,0.0,0.0,0.0,0.0,0.0,0.017922,4,58
0.1356,0.0,0.0,0.0,0.0,-9.15,0.0,0.0,0.0,0.00975,0.0,0.0,0.0,0.0,0.0,0.0,-21.6,0.0,-13.1,0.0,0.0,0.0,-30.4,0.0,0.0,0.0,0.0,0.000278,0.0,0.0,-67.5,0.0,0.0,0.0,0.0394,0.0,0.0,0.0,0.0,0.0,0.0,0.0,0.017922,4,62
0.1535,0.0,0.0,0.0,0.0,-10.4,0.0,0.0,0.0,0.0104,0.0,0.0,0.0,0.0,0.0,0.0,-21.7,0.0,-13.0,0.0,0.0,0.0,-30.7,0.0,0.0,0.0,0.0,0.000278,0.0,0.0,-67.5,0.0,0.0,0.0,0.0368,0.0,0.0,0.0,0.0,0.0,0.0,0.0,0.017922,4,66
0.1714,0.0,0.0,0.0,0.0,-11.6,0.0,0.0,0.0,0.011,0.0,0.0,0.0,0.0,0.0,0.0,-21.8,0.0,-12.9,0.0,0.0,0.0,-30.9,0.0,0.0,0.0,0.0,0.000278,0.0,0.0,-67.5,0.0,0.0,0.0,0.0346,0.0,0.0,0.0,0.0,0.0,0.0,0.0,0.017922,3,69
0.1947,0.0,0.0,0.0,0.0,-13.1,0.0,0.0,0.0,0.0118,0.0,0.0,0.0,0.0,0.0,0.0,-22.0,0.0,-12.8,0.0,0.0,0.0,-31.2,0.0,0.0,0.0,0.0,0.000278,0.0,0.0,-67.5,0.0,0.0,0.0,0.0328,0.0,0.0,0.0,0.0,0.0,0.0,0.0,0.023298,4,73
0.218,0.0,0.0,0.0,0.0,-14.7,0.0,0.0,0.0,0.0125,0.0,0.0,0.0,0.0,0.0,0.0,-22.1,0.0,-12.7,0.0,0.0,0.0,-31.5,0.0,0.0,0.0,0.0,0.000278,0.0,0.0,-67.5,0.0,0.0,0.0,0.0309,0.0,0.0,0.0,0.0,0.0,0.0,0.0,0.023298,4,77
0.2413,0.0,0.0,0.0,0.0,-16.3,0.0,0.0,0.0,0.0132,0.0,0.0,0.0,0.0,0.0,0.0,-22.2,0.0,-12.6,0.0,0.0,0.0,-31.7,0.0,0.0,0.0,0.0,0.000278,0.0,0.0,-67.5,0.0,0.0,0.0,0.0293,0.0,0.0,0.0,0.0,0.0,0.0,0.0,0.023298,4,81
0.2646,0.0,0.0,0.0,0.0,-17.9,0.0,0.0,0.0,0.0138,0.0,0.0,0.0,0.0,0.0,0.0,-22.4,0.0,-12.6,0.0,0.0,0.0,-32.0,0.0,0.0,0.0,0.0,0.000278,0.0,0.0,-67.5,0.0,0.0,0.0,0.0279,0.0,0.0,0.0,0.0,0.0,0.0,0.0,0.023298,4,85
0.2879,0.0,0.0,0.0,0.0,-19.4,0.0,0.0,0.0,0.0145,0.0,0.0,0.0,0.0,0.0,0.0,-22.5,0.0,-12.5,0.0,0.0,0.0,-32.2,0.0,0.0,0.0,0.0,0.000278,0.0,0.0,-67.5,0.0,0.0,0.0,0.0267,0.0,0.0,0.0,0.0,0.0,0.0,0.0,0.023298,4,89
0.3112,0.0,0.0,0.0,0.0,-21.0,0.0,0.0,0.0,0.0151,0.0,0.0,0.0,0.0,0.0,0.0,-22.7,0.0,-12.5,0.0,0.0,0.0,-32.4,0.0,0.0,0.0,0.0,0.000278,0.0,0.0,-67.5,0.0,0.0,0.0,0.0256,0.0,0.0,0.0,0.0,0.0,0.0,0.0,0.023298,4,93
0.3345,0.0,0.0,0.0,0.0,-22.6,0.0,0.0,0.0,0.0156,0.0,0.0,0.0,0.0,0.0,0.0,-22.8,0.0,-12.4,0.0,0.0,0.0,-32.5,0.0,0.0,0.0,0.0,0.000278,0.0,0.0,-67.5,0.0,0.0,0.0,0.0246,0.0,0.0,0.0,0.0,0.0,0.0,0.0,0.023298,3,96
0.3648,0.0,0.0,0.0,0.0,-24.6,0.0,0.0,0.0,0.0164,0.0,0.0,0.0,0.0,0.0,0.0,-23.0,0.0,-12.4,0.0,0.0,0.0,-32.8,0.0,0.0,0.0,0.0,0.000278,0.0,0.0,-67.5,0.0,0.0,0.0,0.0237,0.0,0.0,0.0,0.0,0.0,0.0,0.0,0.030287,4,100
0.3951,0.0,0.0,0.0,0.0,-26.7,0.0,0.0,0.0,0.017,0.0,0.0,0.0,0.0,0.0,0.0,-23.1,0.0,-12.3,0.0,0.0,0.0,-33.0,0.0,0.0,0.0,0.0,0.000278,0.0,0.0,-67.5,0.0,0.0,0.0,0.0227,0.0,0.0,0.0,0.0,0.0,0.0,0.0,0.030287,4,104
0.4254,0.0,0.0,0.0,0.0,-28.7,0.0,0.0,0.0,0.0177,0.0,0.0,0.0,0.0,0.0,0.0,-23.3,0.0,-12.3,0.0,0.0,0.0,-33.2,0.0,0.0,0.0,0.0,0.000278,0.0,0.0,-67.5,0.0,0.0,0.0,0.0218,0.0,0.0,0.0,0.0,0.0,0.0,0.0,0.030287,4,108
0.4557,0.0,0.0,0.0,0.0,-30.8,0.0,0.0,0.0,0.0183,0.0,0.0,0.0,0.0,0.0,0.0,-23.5,0.0,-12.2,0.0,0.0,0.0,-33.4,0.0,0.0,0.0,0.0,0.000278,0.0,0.0,-67.5,0.0,0.0,0.0,0.021,0.0,0.0,0.0,0.0,0.0,0.0,0.0,0.030287,4,112
0.486,0.0,0.0,0.0,0.0,-32.8,0.0,0.0,0.0,0.0189,0.0,0.0,0.0,0.0,0.0,0.0,-23.6,0.0,-12.2,0.0,0.0,0.0,-33.6,0.0,0.0,0.0,0.0,0.000278,0.0,0.0,-67.5,0.0,0.0,0.0,0.0203,0.0,0.0,0.0,0.0,0.0,0.0,0.0,0.030287,4,116
0.5163,0.0,0.0,0.0,0.0,-34.8,0.0,0.0,0.0,0.0195,0.0,0.0,0.0,0.0,0.0,0.0,-23.8,0.0,-12.1,0.0,0.0,0.0,-33.7,0.0,0.0,0.0,0.0,0.000278,0.0,0.0,-67.5,0.0,0.0,0.0,0.0196,0.0,0.0,0.0,0.0,0.0,0.0,0.0,0.030287,4,120
0.5465,0.0,0.0,0.0,0.0,-36.9,0.0,0.0,0.0,0.0201,0.0,0.0,0.0,0.0,0.0,0.0,-23.9,0.0,-12.1,0.0,0.0,0.0,-33.9,0.0,0.0,0.0,0.0,0.000278,0.0,0.0,-67.5,0.0,0.0,0.0,0.0189,0.0,0.0,0.0,0.0,0.0,0.0,0.0,0.030287,4,124
0.5768,0.0,0.0,0.0,0.0,-38.9,0.0,0.0,0.0,0.0207,0.0,0.0,0.0,0.0,0.0,0.0,-24.1,0.0,-12.0,0.0,0.0,0.0,-34.1,0.0,0.0,0.0,0.0,0.000278,0.0,0.0,-67.5,0.0,0.0,0.0,0.0183,0.0,0.0,0.0,0.0,0.0,0.0,0.0,0.030287,4,128
0.6071,0.0,0.0,0.0,0.0,-41.0,0.0,0.0,0.0,0.0212,0.0,0.0,0.0,0.0,0.0,0.0,-24.2,0.0,-12.0,0.0,0.0,0.0,-34.2,0.0,0.0,0.0,0.0,0.000278,0.0,0.0,-67.5,0.0,0.0,0.0,0.0178,0.0,0.0,0.0,0.0,0.0,0.0,0.0,0.030287,4,132
0.6374,0.0,0.0,0.0,0.0,-43.0,0.0,0.0,0.0,0.0217,0.0,0.0,0.0,0.0,0.0,0.0,-24.4,0.0,-11.9,0.0,0.0,0.0,-34.4,0.0,0.0,0.0,0.0,0.000278,0.0,0.0,-67.5,0.0,0.0,0.0,0.0172,0.0,0.0,0.0,0.0,0.0,0.0,0.0,0.030287,4,136
0.6677,0.0,0.0,0.0,0.0,-45.1,0.0,0.0,0.0,0.0222,0.0,0.0,0.0,0.0,0.0,0.0,-24.5,0.0,-11.9,0.0,0.0,0.0,-34.5,0.0,0.0,0.0,0.0,0.000278,0.0,0.0,-67.5,0.0,0.0,0.0,0.0167,0.0,0.0,0.0,0.0,0.0,0.0,0.0,0.030287,4,140
0.698,0.0,0.0,0.0,0.0,-47.1,0.0,0.0,0.0,0.0227,0.0,0.0,0.0,0.0,0.0,0.0,-24.6,0.0,-11.9,0.0,0.0,0.0,-34.7,0.0,0.0,0.0,0.0,0.000278,0.0,0.0,-67.5,0.0,0.0,0.0,0.0163,0.0,0.0,0.0,0.0,0.0,0.0,0.0,0.030287,4,144
0.7283,0.0,0.0,0.0,0.0,-49.2,0.0,0.0,0.0,0.0232,0.0,0.0,0.0,0.0,0.0,0.0,-24.8,0.0,-11.8,0.0,0.0,0.0,-34.8,0.0,0.0,0.0,0.0,0.000278,0.0,0.0,-67.5,0.0,0.0,0.0,0.0158,0.0,0.0,0.0,0.0,0.0,0.0,0.0,0.030287,3,147
0.7676,0.0,0.0,0.0,0.0,-51.8,0.0,0.0,0.0,0.0238,0.0,0.0,0.0,0.0,0.0,0.0,-24.9,0.0,-11.8,0.0,0.0,0.0,-35.0,0.0,0.0,0.0,0.0,0.000278,0.0,0.0,-67.5,0.0,0.0,0.0,0.0154,0.0,0.0,0.0,0.0,0.0,0.0,0.0,0.039374,4,151
0.807,0.0,0.0,0.0,0.0,-54.5,0.0,0.0,0.0,0.0244,0.0,0.0,0.0,0.0,0.0,0.0,-25.1,0.0,-11.7,0.0,0.0,0.0,-35.2,0.0,0.0,0.0,0.0,0.000278,0.0,0.0,-67.5,0.0,0.0,0.0,0.0149,0.0,0.0,0.0,0.0,0.0,0.0,0.0,0.039374,4,155
0.8464,0.0,0.0,0.0,0.0,-57.1,0.0,0.0,0.0,0.025,0.0,0.0,0.0,0.0,0.0,0.0,-25.2,0.0,-11.7,0.0,0.0,0.0,-35.4,0.0,0.0,0.0,0.0,0.000278,0.0,0.0,-67.5,0.0,0.0,0.0,0.0145,0.0,0.0,0.0,0.0,0.0,0.0,0.0,0.039374,4,159
0.8858,0.0,0.0,0.0,0.0,-59.8,0.0,0.0,0.0,0.0255,0.0,0.0,0.0,0.0,0.0,0.0,-25.4,0.0,-11.7,0.0,0.0,0.0,-35.5,0.0,0.0,0.0,0.0,0.000278,0.0,0.0,-67.5,0.0,0.0,0.0,0.014,0.0,0.0,0.0,0.0,0.0,0.0,0.0,0.039374,4,163
0.9251,0.0,0.0,0.0,0.0,-62.4,0.0,0.0,0.0,0.0261,0.0,0.0,0.0,0.0,0.0,0.0,-25.5,0.0,-11.6,0.0,0.0,0.0,-35.7,0.0,0.0,0.0,0.0,0.000278,0.0,0.0,-67.5,0.0,0.0,0.0,0.0136,0.0,0.0,0.0,0.0,0.0,0.0,0.0,0.039374,4,167
0.9645,0.0,0.0,0.0,0.0,-65.1,0.0,0.0,0.0,0.0266,0.0,0.0,0.0,0.0,0.0,0.0,-25.7,0.0,-11.6,0.0,0.0,0.0,-35.9,0.0,0.0,0.0,0.0,0.000278,0.0,0.0,-67.5,0.0,0.0,0.0,0.0132,0.0,0.0,0.0,0.0,0.0,0.0,0.0,0.039374,4,171
1.0039,0.0,0.0,0.0,0.0,-67.8,0.0,0.0,0.0,0.0271,0.0,0.0,0.0,0.0,0.0,0.0,-25.8,0.0,-11.5,0.0,0.0,0.0,-36.0,0.0,0.0,0.0,0.0,0.000278,0.0,0.0,-67.5,0.0,0.0,0.0,0.0128,0.0,0.0,0.0,0.0,0.0,0.0,0.0,0.039374,4,175
1.0433,0.0,0.0,0.0,0.0,-70.4,0.0,0.0,0.0,0.0276,0.0,0.0,0.0,0.0,0.0,0.0,-25.9,0.0,-11.5,0.0,0.0,0.0,-36.2,0.0,0.0,0.0,0.0,0.000278,0.0,0.0,-67.5,0.0,0.0,0.0,0.0125,0.0,0.0,0.0,0.0,0.0,0.0,0.0,0.039374,4,179
1.0826,0.0,0.0,0.0,0.0,-73.1,0.0,0.0,0.0,0.0281,0.0,0.0,0.0,0.0,0.0,0.0,-26.1,0.0,-11.4,0.0,0.0,0.0,-36.3,0.0,0.0,0.0,0.0,0.000278,0.0,0.0,-67.5,0.0,0.0,0.0,0.0121,0.0,0.0,0.0,0.0,0.0,0.0,0.0,0.039374,4,183
1.122,0.0,0.0,0.0,0.0,-75.7,0.0,0.0,0.0,0.0285,0.0,0.0,0.0,0.0,0.0,0.0,-26.2,0.0,-11.4,0.0,0.0,0.0,-36.5,0.0,0.0,0.0,0.0,0.000278,0.0,0.0,-67.5,0.0,0.0,0.0,0.0118,0.0,0.0,0.0,0.0,0.0,0.0,0.0,0.039374,4,187
1.1614,0.0,0.0,0.0,0.0,-78.4,0.0,0.0,0.0,0.029,0.0,0.0,0.0,0.0,0.0,0.0,-26.3,0.0,-11.4,0.0,0.0,0.0,-36.6,0.0,0.0,0.0,0.0,0.000278,0.0,0.0,-67.5,0.0,0.0,0.0,0.0115,0.0,0.0,0.0,0.0,0.0,0.0,0.0,0.039374,3,190
1.2126,0.0,0.0,0.0,0.0,-81.8,0.0,0.0,0.0,0.0296,0.0,0.0,0.0,0.0,0.0,0.0,-26.5,0.0,-11.3,0.0,0.0,0.0,-36.8,0.0,0.0,0.0,0.0,0.000278,0.0,0.0,-67.5,0.0,0.0,0.0,0.0112,0.0,0.0,0.0,0.0,0.0,0.0,0.0,0.051186,4,194
1.2638,0.0,0.0,0.0,0.0,-85.3,0.0,0.0,0.0,0.0301,0.0,0.0,0.0,0.0,0.0,0.0,-26.6,0.0,-11.3,0.0,0.0,0.0,-37.0,0.0,0.0,0.0,0.0,0.000278,0.0,0.0,-67.5,0.0,0.0,0.0,0.0109,0.0,0.0,0.0,0.0,0.0,0.0,0.0,0.051186,4,198
1.3149,0.0,0.0,0.0,0.0,-88.8,0.0,0.0,0.0,0.0306,0.0,0.0,0.0,0.0,0.0,0.0,-26.7,0.0,-11.2,0.0,0.0,0.0,-37.1,0.0,0.0,0.0,0.0,0.000278,0.0,0.0,-67.5,0.0,0.0,0.0,0.0106,0.0,0.0,0.0,0.0,0.0,0.0,0.0,0.051186,4,202
1.3661,0.0,0.0,0.0,0.0,-92.2,0.0,0.0,0.0,0.0312,0.0,0.0,0.0,0.0,0.0,0.0,-26.9,0.0,-11.2,0.0,0.0,0.0,-37.3,0.0,0.0,0.0,0.0,0.000278,0.0,0.0,-67.5,0.0,0.0,0.0,0.0102,0.0,0.0,0.0,0.0,0.0,0.0,0.0,0.051186,4,206
1.4173,0.0,0.0,0.0,0.0,-95.7,0.0,0.0,0.0,0.0317,0.0,0.0,0.0,0.0,0.0,0.0,-27.0,0.0,-11.1,0.0,0.0,0.0,-37.5,0.0,0.0,0.0,0.0,0.000278,0.0,0.0,-67.5,0.0,0.0,0.0,0.009940000000000001,0.0,0.0,0.0,0.0,0.0,0.0,0.0,0.051186,4,210
1.4685,0.0,0.0,0.0,0.0,-99.1,0.0,0.0,0.0,0.0322,0.0,0.0,0.0,0.0,0.0,0.0,-27.1,0.0,-11.1,0.0,0.0,0.0,-37.7,0.0,0.0,0.0,0.0,0.000278,0.0,0.0,-67.5,0.0,0.0,0.0,0.00966,0.0,0.0,0.0,0.0,0.0,0.0,0.0,0.051186,4,214
1.5197,0.0,0.0,0.0,0.0,-103.0,0.0,0.0,0.0,0.0327,0.0,0.0,0.0,0.0,0.0,0.0,-27.3,0.0,-11.0,0.0,0.0,0.0,-37.8,0.0,0.0,0.0,0.0,0.000278,0.0,0.0,-67.5,0.0,0.0,0.0,0.0094,0.0,0.0,0.0,0.0,0.0,0.0,0.0,0.051186,4,218
1.5709,0.0,0.0,0.0,0.0,-106.0,0.0,0.0,0.0,0.0331,0.0,0.0,0.0,0.0,0.0,0.0,-27.4,0.0,-11.0,0.0,0.0,0.0,-38.0,0.0,0.0,0.0,0.0,0.000278,0.0,0.0,-67.5,0.0,0.0,0.0,0.00914,0.0,0.0,0.0,0.0,0.0,0.0,0.0,0.051186,3,221
1.6374,0.0,0.0,0.0,0.0,-111.0,0.0,0.0,0.0,0.0337,0.0,0.0,0.0,0.0,0.0,0.0,-27.5,0.0,-10.9,0.0,0.0,0.0,-38.2,0.0,0.0,0.0,0.0,0.000278,0.0,0.0,-67.5,0.0,0.0,0.0,0.0089,0.0,0.0,0.0,0.0,0.0,0.0,0.0,0.06654199999999999,4,225
1.704,0.0,0.0,0.0,0.0,-115.0,0.0,0.0,0.0,0.0343,0.0,0.0,0.0,0.0,0.0,0.0,-27.7,0.0,-10.9,0.0,0.0,0.0,-38.4,0.0,0.0,0.0,0.0,0.000278,0.0,0.0,-67.5,0.0,0.0,0.0,0.00861,0.0,0.0,0.0,0.0,0.0,0.0,0.0,0.06654199999999999,4,229
1.7705,0.0,0.0,0.0,0.0,-120.0,0.0,0.0,0.0,0.0348,0.0,0.0,0.0,0.0,0.0,0.0,-27.8,0.0,-10.8,0.0,0.0,0.0,-38.6,0.0,0.0,0.0,0.0,0.000278,0.0,0.0,-67.5,0.0,0.0,0.0,0.008329999999999999,0.0,0.0,0.0,0.0,0.0,0.0,0.0,0.06654199999999999,4,233
1.837,0.0,0.0,0.0,0.0,-124.0,0.0,0.0,0.0,0.0354,0.0,0.0,0.0,0.0,0.0,0.0,-27.9,0.0,-10.8,0.0,0.0,0.0,-38.7,0.0,0.0,0.0,0.0,0.000278,0.0,0.0,-67.5,0.0,0.0,0.0,0.00807,0.0,0.0,0.0,0.0,0.0,0.0,0.0,0.06654199999999999,4,237
1.9036,0.0,0.0,0.0,0.0,-128.0,0.0,0.0,0.0,0.0359,0.0,0.0,0.0,0.0,0.0,0.0,-28.1,0.0,-10.7,0.0,0.0,0.0,-38.9,0.0,0.0,0.0,0.0,0.000278,0.0,0.0,-67.5,0.0,0.0,0.0,0.00783,0.0,0.0,0.0,0.0,0.0,0.0,0.0,0.06654199999999999,4,241
1.9701,0.0,0.0,0.0,0.0,-133.0,0.0,0.0,0.0,0.0364,0.0,0.0,0.0,0.0,0.0,0.0,-28.2,0.0,-10.7,0.0,0.0,0.0,-39.1,0.0,0.0,0.0,0.0,0.000278,0.0,0.0,-67.5,0.0,0.0,0.0,0.0076,0.0,0.0,0.0,0.0,0.0,0.0,0.0,0.06654199999999999,4,245
2.0367,0.0,0.0,0.0,0.0,-137.0,0.0,0.0,0.0,0.0369,0.0,0.0,0.0,0.0,0.0,0.0,-28.3,0.0,-10.6,0.0,0.0,0.0,-39.3,0.0,0.0,0.0,0.0,0.000278,0.0,0.0,-67.5,0.0,0.0,0.0,0.007379999999999999,0.0,0.0,0.0,0.0,0.0,0.0,0.0,0.06654199999999999,3,248
2.1232,0.0,0.0,0.0,0.0,-143.0,0.0,0.0,0.0,0.0375,0.0,0.0,0.0,0.0,0.0,0.0,-28.4,0.0,-10.6,0.0,0.0,0.0,-39.5,0.0,0.0,0.0,0.0,0.000278,0.0,0.0,-67.5,0.0,0.0,0.0,0.00717,0.0,0.0,0.0,0.0,0.0,0.0,0.0,0.086504,4,252
2.2097,0.0,0.0,0.0,0.0,-149.0,0.0,0.0,0.0,0.0381,0.0,0.0,0.0,0.0,0.0,0.0,-28.6,0.0,-10.5,0.0,0.0,0.0,-39.7,0.0,0.0,0.0,0.0,0.000278,0.0,0.0,-67.5,0.0,0.0,0.0,0.0069099999999999995,0.0,0.0,0.0,0.0,0.0,0.0,0.0,0.086504,4,256
2.2962,0.0,0.0,0.0,0.0,-155.0,0.0,0.0,0.0,0.0387,0.0,0.0,0.0,0.0,0.0,0.0,-28.7,0.0,-10.4,0.0,0.0,0.0,-39.9,0.0,0.0,0.0,0.0,0.000278,0.0,0.0,-67.5,0.0,0.0,0.0,0.006679999999999999,0.0,0.0,0.0,0.0,0.0,0.0,0.0,0.086504,4,260
2.3827,0.0,0.0,0.0,0.0,-161.0,0.0,0.0,0.0,0.0393,0.0,0.0,0.0,0.0,0.0,0.0,-28.8,0.0,-10.4,0.0,0.0,0.0,-40.1,0.0,0.0,0.0,0.0,0.000278,0.0,0.0,-67.5,0.0,0.0,0.0,0.00645,0.0,0.0,0.0,0.0,0.0,0.0,0.0,0.086504,4,264
2.4692,0.0,0.0,0.0,0.0,-167.0,0.0,0.0,0.0,0.0398,0.0,0.0,0.0,0.0,0.0,0.0,-28.9,0.0,-10.3,0.0,0.0,0.0,-40.3,0.0,0.0,0.0,0.0,0.000278,0.0,0.0,-67.5,0.0,0.0,0.0,0.00624,0.0,0.0,0.0,0.0,0.0,0.0,0.0,0.086504,4,268
2.5557,0.0,0.0,0.0,0.0,-173.0,0.0,0.0,0.0,0.0403,0.0,0.0,0.0,0.0,0.0,0.0,-29.0,0.0,-10.3,0.0,0.0,0.0,-40.5,0.0,0.0,0.0,0.0,0.000278,0.0,0.0,-67.5,0.0,0.0,0.0,0.00605,0.0,0.0,0.0,0.0,0.0,0.0,0.0,0.086504,4,272
2.6422,0.0,0.0,0.0,0.0,-178.0,0.0,0.0,0.0,0.0408,0.0,0.0,0.0,0.0,0.0,0.0,-29.1,0.0,-10.2,0.0,0.0,0.0,-40.7,0.0,0.0,0.0,0.0,0.000278,0.0,0.0,-67.5,0.0,0.0,0.0,0.00586,0.0,0.0,0.0,0.0,0.0,0.0,0.0,0.086504,4,276
2.7287,0.0,0.0,0.0,0.0,-184.0,0.0,0.0,0.0,0.0413,0.0,0.0,0.0,0.0,0.0,0.0,-29.2,0.0,-10.2,0.0,0.0,0.0,-40.9,0.0,0.0,0.0,0.0,0.000278,0.0,0.0,-67.5,0.0,0.0,0.0,0.005679999999999999,0.0,0.0,0.0,0.0,0.0,0.0,0.0,0.086504,4,280
2.8152,0.0,0.0,0.0,0.0,-190.0,0.0,0.0,0.0,0.0418,0.0,0.0,0.0,0.0,0.0,0.0,-29.3,0.0,-10.1,0.0,0.0,0.0,-41.1,0.0,0.0,0.0,0.0,0.000278,0.0,0.0,-67.5,0.0,0.0,0.0,0.005520000000000001,0.0,0.0,0.0,0.0,0.0,0.0,0.0,0.086504,4,284
2.9017,0.0,0.0,0.0,0.0,-196.0,0.0,0.0,0.0,0.0423,0.0,0.0,0.0,0.0,0.0,0.0,-29.4,0.0,-10.1,0.0,0.0,0.0,-41.3,0.0,0.0,0.0,0.0,0.000278,0.0,0.0,-67.5,0.0,0.0,0.0,0.00536,0.0,0.0,0.0,0.0,0.0,0.0,0.0,0.086504,3,287
3.0142,0.0,0.0,0.0,0.0,-203.0,0.0,0.0,0.0,0.0428,0.0,0.0,0.0,0.0,0.0,0.0,-29.5,0.0,-10.0,0.0,0.0,0.0,-41.5,0.0,0.0,0.0,0.0,0.000278,0.0,0.0,-67.5,0.0,0.0,0.0,0.00521,0.0,0.0,0.0,0.0,0.0,0.0,0.0,0.11245999999999999,4,291
3.1266,0.0,0.0,0.0,0.0,-211.0,0.0,0.0,0.0,0.0434,0.0,0.0,0.0,0.0,0.0,0.0,-29.6,0.0,-10.0,0.0,0.0,0.0,-41.8,0.0,0.0,0.0,0.0,0.000278,0.0,0.0,-67.5,0.0,0.0,0.0,0.00503,0.0,0.0,0.0,0.0,0.0,0.0,0.0,0.11245999999999999,4,295
3.2391,0.0,0.0,0.0,0.0,-219.0,0.0,0.0,0.0,0.044,0.0,0.0,0.0,0.0,0.0,0.0,-29.7,0.0,-9.9,0.0,0.0,0.0,-42.0,0.0,0.0,0.0,0.0,0.000278,0.0,0.0,-67.5,0.0,0.0,0.0,0.00485,0.0,0.0,0.0,0.0,0.0,0.0,0.0,0.11245999999999999,4,299
3.3515,0.0,0.0,0.0,0.0,-226.0,0.0,0.0,0.0,0.0445,0.0,0.0,0.0,0.0,0.0,0.0,-29.8,0.0,-9.9,0.0,0.0,0.0,-42.2,0.0,0.0,0.0,0.0,0.000278,0.0,0.0,-67.5,0.0,0.0,0.0,0.00469,0.0,0.0,0.0,0.0,0.0,0.0,0.0,0.11245999999999999,4,303
3.464,0.0,0.0,0.0,0.0,-234.0,0.0,0.0,0.0,0.045,0.0,0.0,0.0,0.0,0.0,0.0,-29.9,0.0,-9.8,0.0,0.0,0.0,-42.4,0.0,0.0,0.0,0.0,0.000278,0.0,0.0,-67.5,0.0,0.0,0.0,0.00454,0.0,0.0,0.0,0.0,0.0,0.0,0.0,0.11245999999999999,4,307
3.5764,0.0,0.0,0.0,0.0,-241.0,0.0,0.0,0.0,0.0455,0.0,0.0,0.0,0.0,0.0,0.0,-30.0,0.0,-9.8,0.0,0.0,0.0,-42.6,0.0,0.0,0.0,0.0,0.000278,0.0,0.0,-67.5,0.0,0.0,0.0,0.0044,0.0,0.0,0.0,0.0,0.0,0.0,0.0,0.11245999999999999,4,311
3.6889,0.0,0.0,0.0,0.0,-249.0,0.0,0.0,0.0,0.046,0.0,0.0,0.0,0.0,0.0,0.0,-30.1,0.0,-9.8,0.0,0.0,0.0,-42.8,0.0,0.0,0.0,0.0,0.000278,0.0,0.0,-67.5,0.0,0.0,0.0,0.00426,0.0,0.0,0.0,0.0,0.0,0.0,0.0,0.11245999999999999,4,315
3.8013,0.0,0.0,0.0,0.0,-257.0,0.0,0.0,0.0,0.0464,0.0,0.0,0.0,0.0,0.0,0.0,-30.2,0.0,-9.7,0.0,0.0,0.0,-43.0,0.0,0.0,0.0,0.0,0.000278,0.0,0.0,-67.5,0.0,0.0,0.0,0.00413,0.0,0.0,0.0,0.0,0.0,0.0,0.0,0.11245999999999999,4,319
3.9138,0.0,0.0,0.0,0.0,-264.0,0.0,0.0,0.0,0.0469,0.0,0.0,0.0,0.0,0.0,0.0,-30.2,0.0,-9.7,0.0,0.0,0.0,-43.2,0.0,0.0,0.0,0.0,0.000278,0.0,0.0,-67.5,0.0,0.0,0.0,0.0040100000000000005,0.0,0.0,0.0,0.0,0.0,0.0,0.0,0.11245999999999999,4,323
4.0224,0.0,0.0,0.0,0.0,-272.0,0.0,0.0,0.0,0.0473,0.0,0.0,0.0,0.0,0.0,0.0,-30.3,0.0,-9.6,0.0,0.0,0.0,-43.4,0.0,0.0,0.0,0.0,0.000278,0.0,0.0,-67.5,0.0,0.0,0.0,0.0039,0.0,0.0,0.0,0.0,0.0,0.0,0.0,0.10862000000000001,4,327
4.131,0.0,0.0,0.0,0.0,-279.0,0.0,0.0,0.0,0.0477,0.0,0.0,0.0,0.0,0.0,0.0,-30.3,0.0,-9.6,0.0,0.0,0.0,-43.6,0.0,0.0,0.0,0.0,0.000278,0.0,0.0,-67.5,0.0,0.0,0.0,0.00379,0.0,0.0,0.0,0.0,0.0,0.0,0.0,0.10862000000000001,4,331
4.2397,0.0,0.0,0.0,0.0,-286.0,0.0,0.0,0.0,0.0481,0.0,0.0,0.0,0.0,0.0,0.0,-30.4,0.0,-9.6,0.0,0.0,0.0,-43.8,0.0,0.0,0.0,0.0,0.000278,0.0,0.0,-67.5,0.0,0.0,0.0,0.0036899999999999997,0.0,0.0,0.0,0.0,0.0,0.0,0.0,0.10862000000000001,4,335
4.3483,0.0,0.0,0.0,0.0,-294.0,0.0,0.0,0.0,0.0485,0.0,0.0,0.0,0.0,0.0,0.0,-30.5,0.0,-9.5,0.0,0.0,0.0,-44.0,0.0,0.0,0.0,0.0,0.000278,0.0,0.0,-67.5,0.0,0.0,0.0,0.00359,0.0,0.0,0.0,0.0,0.0,0.0,0.0,0.10862000000000001,4,339
4.4569,0.0,0.0,0.0,0.0,-301.0,0.0,0.0,0.0,0.0489,0.0,0.0,0.0,0.0,0.0,0.0,-30.5,0.0,-9.5,0.0,0.0,0.0,-44.1,0.0,0.0,0.0,0.0,0.000278,0.0,0.0,-67.5,0.0,0.0,0.0,0.0035,0.0,0.0,0.0,0.0,0.0,0.0,0.0,0.10862000000000001,4,343
4.5655,0.0,0.0,0.0,0.0,-308.0,0.0,0.0,0.0,0.0493,0.0,0.0,0.0,0.0,0.0,0.0,-30.6,0.0,-9.5,0.0,0.0,0.0,-44.3,0.0,0.0,0.0,0.0,0.000278,0.0,0.0,-67.5,0.0,0.0,0.0,0.0034100000000000003,0.0,0.0,0.0,0.0,0.0,0.0,0.0,0.10862000000000001,4,347
4.6741,0.0,0.0,0.0,0.0,-316.0,0.0,0.0,0.0,0.0496,0.0,0.0,0.0,0.0,0.0,0.0,-30.6,0.0,-9.4,0.0,0.0,0.0,-44.5,0.0,0.0,0.0,0.0,0.000278,0.0,0.0,-67.5,0.0,0.0,0.0,0.0033299999999999996,0.0,0.0,0.0,0.0,0.0,0.0,0.0,0.10862000000000001,4,351
4.7828,0.0,0.0,0.0,0.0,-323.0,0.0,0.0,0.0,0.05,0.0,0.0,0.0,0.0,0.0,0.0,-30.7,0.0,-9.4,0.0,0.0,0.0,-44.6,0.0,0.0,0.0,0.0,0.000278,0.0,0.0,-67.5,0.0,0.0,0.0,0.00325,0.0,0.0,0.0,0.0,0.0,0.0,0.0,0.10862000000000001,4,355
4.8914,0.0,0.0,0.0,0.0,-330.0,0.0,0.0,0.0,0.0503,0.0,0.0,0.0,0.0,0.0,0.0,-30.7,0.0,-9.4,0.0,0.0,0.0,-44.8,0.0,0.0,0.0,0.0,0.000278,0.0,0.0,-67.5,0.0,0.0,0.0,0.00317,0.0,0.0,0.0,0.0,0.0,0.0,0.0,0.10862000000000001,4,359
5.0,0.0,0.0,0.0,0.0,-338.0,0.0,0.0,0.0,0.0507,0.0,0.0,0.0,0.0,0.0,0.0,-30.7,0.0,-9.3,0.0,0.0,0.0,-45.0,0.0,0.0,0.0,0.0,0.000278,0.0,0.0,-67.5,0.0,0.0,0.0,0.0031,0.0,0.0,0.0,0.0,0.0,0.0,0.0,0.10862000000000001,3,362
5.1462,0.0,0.0,0.0,0.0,-347.0,0.0,0.0,0.0,0.0511,0.0,0.0,0.0,0.0,0.0,0.0,-30.8,0.0,-9.3,0.0,0.0,0.0,-45.2,0.0,0.0,0.0,0.0,0.000278,0.0,0.0,-67.5,0.0,0.0,0.0,0.00303,0.0,0.0,0.0,0.0,0.0,0.0,0.0,0.14619000000000001,4,366
5.2924,0.0,0.0,0.0,0.0,-357.0,0.0,0.0,0.0,0.0515,0.0,0.0,0.0,0.0,0.0,0.0,-30.8,0.0,-9.3,0.0,0.0,0.0,-45.4,0.0,0.0,0.0,0.0,0.000278,0.0,0.0,-67.5,0.0,0.0,0.0,0.00293,0.0,0.0,0.0,0.0,0.0,0.0,0.0,0.14619000000000001,4,370
5.4386,0.0,0.0,0.0,0.0,-367.0,0.0,0.0,0.0,0.0519,0.0,0.0,0.0,0.0,0.0,0.0,-30.9,0.0,-9.2,0.0,0.0,0.0,-45.6,0.0,0.0,0.0,0.0,0.000278,0.0,0.0,-67.5,0.0,0.0,0.0,0.00285,0.0,0.0,0.0,0.0,0.0,0.0,0.0,0.14619000000000001,4,374
5.5848,0.0,0.0,0.0,0.0,-377.0,0.0,0.0,0.0,0.0523,0.0,0.0,0.0,0.0,0.0,0.0,-30.9,0.0,-9.2,0.0,0.0,0.0,-45.8,0.0,0.0,0.0,0.0,0.000278,0.0,0.0,-67.5,0.0,0.0,0.0,0.00277,0.0,0.0,0.0,0.0,0.0,0.0,0.0,0.14619000000000001,4,378
5.731,0.0,0.0,0.0,0.0,-387.0,0.0,0.0,0.0,0.0527,0.0,0.0,0.0,0.0,0.0,0.0,-30.9,0.0,-9.1,0.0,0.0,0.0,-46.0,0.0,0.0,0.0,0.0,0.000278,0.0,0.0,-67.5,0.0,0.0,0.0,0.0026899999999999997,0.0,0.0,0.0,0.0,0.0,0.0,0.0,0.14619000000000001,4,382
5.8772,0.0,0.0,0.0,0.0,-397.0,0.0,0.0,0.0,0.0531,0.0,0.0,0.0,0.0,0.0,0.0,-31.0,0.0,-9.1,0.0,0.0,0.0,-46.2,0.0,0.0,0.0,0.0,0.000278,0.0,0.0,-67.5,0.0,0.0,0.0,0.0026100000000000003,0.0,0.0,0.0,0.0,0.0,0.0,0.0,0.14619000000000001,4,386
6.0233,0.0,0.0,0.0,0.0,-407.0,0.0,0.0,0.0,0.0535,0.0,0.0,0.0,0.0,0.0,0.0,-31.0,0.0,-9.1,0.0,0.0,0.0,-46.4,0.0,0.0,0.0,0.0,0.000278,0.0,0.0,-67.5,0.0,0.0,0.0,0.0025399999999999997,0.0,0.0,0.0,0.0,0.0,0.0,0.0,0.14619000000000001,4,390
6.1695,0.0,0.0,0.0,0.0,-416.0,0.0,0.0,0.0,0.0539,0.0,0.0,0.0,0.0,0.0,0.0,-31.0,0.0,-9.0,0.0,0.0,0.0,-46.6,0.0,0.0,0.0,0.0,0.000278,0.0,0.0,-67.5,0.0,0.0,0.0,0.00247,0.0,0.0,0.0,0.0,0.0,0.0,0.0,0.14619000000000001,4,394
6.3157,0.0,0.0,0.0,0.0,-426.0,0.0,0.0,0.0,0.0542,0.0,0.0,0.0,0.0,0.0,0.0,-31.0,0.0,-9.0,0.0,0.0,0.0,-46.8,0.0,0.0,0.0,0.0,0.000278,0.0,0.0,-67.5,0.0,0.0,0.0,0.0024100000000000002,0.0,0.0,0.0,0.0,0.0,0.0,0.0,0.14619000000000001,4,398
6.4619,0.0,0.0,0.0,0.0,-436.0,0.0,0.0,0.0,0.0545,0.0,0.0,0.0,0.0,0.0,0.0,-31.0,0.0,-9.0,0.0,0.0,0.0,-47.0,0.0,0.0,0.0,0.0,0.000278,0.0,0.0,-67.5,0.0,0.0,0.0,0.00235,0.0,0.0,0.0,0.0,0.0,0.0,0.0,0.14619000000000001,4,402
6.6081,0.0,0.0,0.0,0.0,-446.0,0.0,0.0,0.0,0.0549,0.0,0.0,0.0,0.0,0.0,0.0,-31.0,0.0,-9.0,0.0,0.0,0.0,-47.2,0.0,0.0,0.0,0.0,0.000278,0.0,0.0,-67.5,0.0,0.0,0.0,0.00229,0.0,0.0,0.0,0.0,0.0,0.0,0.0,0.14619000000000001,4,406
6.7543,0.0,0.0,0.0,0.0,-456.0,0.0,0.0,0.0,0.0552,0.0,0.0,0.0,0.0,0.0,0.0,-31.0,0.0,-8.9,0.0,0.0,0.0,-47.3,0.0,0.0,0.0,0.0,0.000278,0.0,0.0,-67.5,0.0,0.0,0.0,0.00223,0.0,0.0,0.0,0.0,0.0,0.0,0.0,0.14619000000000001,4,410
6.9005,0.0,0.0,0.0,0.0,-466.0,0.0,0.0,0.0,0.0555,0.0,0.0,0.0,0.0,0.0,0.0,-31.1,0.0,-8.9,0.0,0.0,0.0,-47.5,0.0,0.0,0.0,0.0,0.000278,0.0,0.0,-67.5,0.0,0.0,0.0,0.00218,0.0,0.0,0.0,0.0,0.0,0.0,0.0,0.14619000000000001,4,414
7.0467,0.0,0.0,0.0,0.0,-476.0,0.0,0.0,0.0,0.0558,0.0,0.0,0.0,0.0,0.0,0.0,-31.1,0.0,-8.9,0.0,0.0,0.0,-47.7,0.0,0.0,0.0,0.0,0.000278,0.0,0.0,-67.5,0.0,0.0,0.0,0.00212,0.0,0.0,0.0,0.0,0.0,0.0,0.0,0.14619000000000001,4,418
7.1929,0.0,0.0,0.0,0.0,-486.0,0.0,0.0,0.0,0.0561,0.0,0.0,0.0,0.0,0.0,0.0,-31.1,0.0,-8.8,0.0,0.0,0.0,-47.9,0.0,0.0,0.0,0.0,0.000278,0.0,0.0,-67.5,0.0,0.0,0.0,0.00207,0.0,0.0,0.0,0.0,0.0,0.0,0.0,0.14619000000000001,4,422
7.3391,0.0,0.0,0.0,0.0,-495.0,0.0,0.0,0.0,0.0564,0.0,0.0,0.0,0.0,0.0,0.0,-31.1,0.0,-8.8,0.0,0.0,0.0,-48.1,0.0,0.0,0.0,0.0,0.000278,0.0,0.0,-67.5,0.0,0.0,0.0,0.00203,0.0,0.0,0.0,0.0,0.0,0.0,0.0,0.14619000000000001,4,426
7.4853,0.0,0.0,0.0,0.0,-505.0,0.0,0.0,0.0,0.0567,0.0,0.0,0.0,0.0,0.0,0.0,-31.0,0.0,-8.8,0.0,0.0,0.0,-48.2,0.0,0.0,0.0,0.0,0.000278,0.0,0.0,-67.5,0.0,0.0,0.0,0.00198,0.0,0.0,0.0,0.0,0.0,0.0,0.0,0.14619000000000001,4,430
7.6315,0.0,0.0,0.0,0.0,-515.0,0.0,0.0,0.0,0.057,0.0,0.0,0.0,0.0,0.0,0.0,-31.0,0.0,-8.8,0.0,0.0,0.0,-48.4,0.0,0.0,0.0,0.0,0.000278,0.0,0.0,-67.5,0.0,0.0,0.0,0.00193,0.0,0.0,0.0,0.0,0.0,0.0,0.0,0.14619000000000001,4,434
7.7776,0.0,0.0,0.0,0.0,-525.0,0.0,0.0,0.0,0.0573,0.0,0.0,0.0,0.0,0.0,0.0,-31.0,0.0,-8.7,0.0,0.0,0.0,-48.6,0.0,0.0,0.0,0.0,0.000278,0.0,0.0,-67.5,0.0,0.0,0.0,0.0018899999999999998,0.0,0.0,0.0,0.0,0.0,0.0,0.0,0.14619000000000001,4,438
7.9238,0.0,0.0,0.0,0.0,-535.0,0.0,0.0,0.0,0.0576,0.0,0.0,0.0,0.0,0.0,0.0,-31.0,0.0,-8.7,0.0,0.0,0.0,-48.7,0.0,0.0,0.0,0.0,0.000278,0.0,0.0,-67.5,0.0,0.0,0.0,0.00185,0.0,0.0,0.0,0.0,0.0,0.0,0.0,0.14619000000000001,4,442
8.07,0.0,0.0,0.0,0.0,-545.0,0.0,0.0,0.0,0.0578,0.0,0.0,0.0,0.0,0.0,0.0,-31.0,0.0,-8.7,0.0,0.0,0.0,-48.9,0.0,0.0,0.0,0.0,0.000278,0.0,0.0,-67.5,0.0,0.0,0.0,0.0018100000000000002,0.0,0.0,0.0,0.0,0.0,0.0,0.0,0.14619000000000001,4,446
8.2162,0.0,0.0,0.0,0.0,-555.0,0.0,0.0,0.0,0.0581,0.0,0.0,0.0,0.0,0.0,0.0,-31.0,0.0,-8.7,0.0,0.0,0.0,-49.1,0.0,0.0,0.0,0.0,0.000278,0.0,0.0,-67.5,0.0,0.0,0.0,0.0017699999999999999,0.0,0.0,0.0,0.0,0.0,0.0,0.0,0.14619000000000001,4,450
8.3624,0.0,0.0,0.0,0.0,-564.0,0.0,0.0,0.0,0.0583,0.0,0.0,0.0,0.0,0.0,0.0,-31.0,0.0,-8.7,0.0,0.0,0.0,-49.2,0.0,0.0,0.0,0.0,0.000278,0.0,0.0,-67.5,0.0,0.0,0.0,0.00173,0.0,0.0,0.0,0.0,0.0,0.0,0.0,0.14619000000000001,4,454
8.5086,0.0,0.0,0.0,0.0,-574.0,0.0,0.0,0.0,0.0586,0.0,0.0,0.0,0.0,0.0,0.0,-31.0,0.0,-8.6,0.0,0.0,0.0,-49.4,0.0,0.0,0.0,0.0,0.000278,0.0,0.0,-67.5,0.0,0.0,0.0,0.0017,0.0,0.0,0.0,0.0,0.0,0.0,0.0,0.14619000000000001,4,458
8.6548,0.0,0.0,0.0,0.0,-584.0,0.0,0.0,0.0,0.0588,0.0,0.0,0.0,0.0,0.0,0.0,-30.9,0.0,-8.6,0.0,0.0,0.0,-49.5,0.0,0.0,0.0,0.0,0.000278,0.0,0.0,-67.5,0.0,0.0,0.0,0.0016600000000000002,0.0,0.0,0.0,0.0,0.0,0.0,0.0,0.14619000000000001,4,462
8.801,0.0,0.0,0.0,0.0,-594.0,0.0,0.0,0.0,0.0591,0.0,0.0,0.0,0.0,0.0,0.0,-30.9,0.0,-8.6,0.0,0.0,0.0,-49.7,0.0,0.0,0.0,0.0,0.000278,0.0,0.0,-67.5,0.0,0.0,0.0,0.0016300000000000002,0.0,0.0,0.0,0.0,0.0,0.0,0.0,0.14619000000000001,4,466
8.9472,0.0,0.0,0.0,0.0,-604.0,0.0,0.0,0.0,0.0593,0.0,0.0,0.0,0.0,0.0,0.0,-30.9,0.0,-8.6,0.0,0.0,0.0,-49.9,0.0,0.0,0.0,0.0,0.000278,0.0,0.0,-67.5,0.0,0.0,0.0,0.0016,0.0,0.0,0.0,0.0,0.0,0.0,0.0,0.14619000000000001,4,470
9.0934,0.0,0.0,0.0,0.0,-614.0,0.0,0.0,0.0,0.0595,0.0,0.0,0.0,0.0,0.0,0.0,-30.9,0.0,-8.5,0.0,0.0,0.0,-50.0,0.0,0.0,0.0,0.0,0.000278,0.0,0.0,-67.5,0.0,0.0,0.0,0.00157,0.0,0.0,0.0,0.0,0.0,0.0,0.0,0.14619000000000001,4,474
9.2396,0.0,0.0,0.0,0.0,-624.0,0.0,0.0,0.0,0.0597,0.0,0.0,0.0,0.0,0.0,0.0,-30.9,0.0,-8.5,0.0,0.0,0.0,-50.2,0.0,0.0,0.0,0.0,0.000278,0.0,0.0,-67.5,0.0,0.0,0.0,0.0015300000000000001,0.0,0.0,0.0,0.0,0.0,0.0,0.0,0.14619000000000001,4,478
9.3858,0.0,0.0,0.0,0.0,-634.0,0.0,0.0,0.0,0.06,0.0,0.0,0.0,0.0,0.0,0.0,-30.8,0.0,-8.5,0.0,0.0,0.0,-50.3,0.0,0.0,0.0,0.0,0.000278,0.0,0.0,-67.5,0.0,0.0,0.0,0.00151,0.0,0.0,0.0,0.0,0.0,0.0,0.0,0.14619000000000001,4,482
9.532,0.0,0.0,0.0,0.0,-643.0,0.0,0.0,0.0,0.0602,0.0,0.0,0.0,0.0,0.0,0.0,-30.8,0.0,-8.5,0.0,0.0,0.0,-50.5,0.0,0.0,0.0,0.0,0.000278,0.0,0.0,-67.5,0.0,0.0,0.0,0.00148,0.0,0.0,0.0,0.0,0.0,0.0,0.0,0.14619000000000001,4,486
9.6781,0.0,0.0,0.0,0.0,-653.0,0.0,0.0,0.0,0.0604,0.0,0.0,0.0,0.0,0.0,0.0,-30.8,0.0,-8.5,0.0,0.0,0.0,-50.6,0.0,0.0,0.0,0.0,0.000278,0.0,0.0,-67.5,0.0,0.0,0.0,0.00145,0.0,0.0,0.0,0.0,0.0,0.0,0.0,0.14619000000000001,4,490
9.8243,0.0,0.0,0.0,0.0,-663.0,0.0,0.0,0.0,0.0606,0.0,0.0,0.0,0.0,0.0,0.0,-30.7,0.0,-8.5,0.0,0.0,0.0,-50.8,0.0,0.0,0.0,0.0,0.000278,0.0,0.0,-67.5,0.0,0.0,0.0,0.0014199999999999998,0.0,0.0,0.0,0.0,0.0,0.0,0.0,0.14619000000000001,4,494
9.9705,0.0,0.0,0.0,0.0,-673.0,0.0,0.0,0.0,0.0608,0.0,0.0,0.0,0.0,0.0,0.0,-30.7,0.0,-8.4,0.0,0.0,0.0,-50.9,0.0,0.0,0.0,0.0,0.000278,0.0,0.0,-67.5,0.0,0.0,0.0,0.0014,0.0,0.0,0.0,0.0,0.0,0.0,0.0,0.14619000000000001,4,498
10.1167,0.0,0.0,0.0,0.0,-683.0,0.0,0.0,0.0,0.061,0.0,0.0,0.0,0.0,0.0,0.0,-30.7,0.0,-8.4,0.0,0.0,0.0,-51.1,0.0,0.0,0.0,0.0,0.000278,0.0,0.0,-67.5,0.0,0.0,0.0,0.00137,0.0,0.0,0.0,0.0,0.0,0.0,0.0,0.14619000000000001,4,502
10.2629,0.0,0.0,0.0,0.0,-693.0,0.0,0.0,0.0,0.0612,0.0,0.0,0.0,0.0,0.0,0.0,-30.6,0.0,-8.4,0.0,0.0,0.0,-51.2,0.0,0.0,0.0,0.0,0.000278,0.0,0.0,-67.5,0.0,0.0,0.0,0.00135,0.0,0.0,0.0,0.0,0.0,0.0,0.0,0.14619000000000001,4,506
10.4091,0.0,0.0,0.0,0.0,-703.0,0.0,0.0,0.0,0.0614,0.0,0.0,0.0,0.0,0.0,0.0,-30.6,0.0,-8.4,0.0,0.0,0.0,-51.3,0.0,0.0,0.0,0.0,0.000278,0.0,0.0,-67.5,0.0,0.0,0.0,0.00132,0.0,0.0,0.0,0.0,0.0,0.0,0.0,0.14619000000000001,4,510
10.5553,0.0,0.0,0.0,0.0,-712.0,0.0,0.0,0.0,0.0616,0.0,0.0,0.0,0.0,0.0,0.0,-30.6,0.0,-8.4,0.0,0.0,0.0,-51.5,0.0,0.0,0.0,0.0,0.000278,0.0,0.0,-67.5,0.0,0.0,0.0,0.0013,0.0,0.0,0.0,0.0,0.0,0.0,0.0,0.14619000000000001,4,514
10.7015,0.0,0.0,0.0,0.0,-722.0,0.0,0.0,0.0,0.0618,0.0,0.0,0.0,0.0,0.0,0.0,-30.5,0.0,-8.3,0.0,0.0,0.0,-51.6,0.0,0.0,0.0,0.0,0.000278,0.0,0.0,-67.5,0.0,0.0,0.0,0.00128,0.0,0.0,0.0,0.0,0.0,0.0,0.0,0.14619000000000001,4,518
10.8477,0.0,0.0,0.0,0.0,-732.0,0.0,0.0,0.0,0.062,0.0,0.0,0.0,0.0,0.0,0.0,-30.5,0.0,-8.3,0.0,0.0,0.0,-51.8,0.0,0.0,0.0,0.0,0.000278,0.0,0.0,-67.5,0.0,0.0,0.0,0.00125,0.0,0.0,0.0,0.0,0.0,0.0,0.0,0.14619000000000001,4,522
10.9939,0.0,0.0,0.0,0.0,-742.0,0.0,0.0,0.0,0.0621,0.0,0.0,0.0,0.0,0.0,0.0,-30.5,0.0,-8.3,0.0,0.0,0.0,-51.9,0.0,0.0,0.0,0.0,0.000278,0.0,0.0,-67.5,0.0,0.0,0.0,0.00123,0.0,0.0,0.0,0.0,0.0,0.0,0.0,0.14619000000000001,4,526
11.1401,0.0,0.0,0.0,0.0,-752.0,0.0,0.0,0.0,0.0623,0.0,0.0,0.0,0.0,0.0,0.0,-30.4,0.0,-8.3,0.0,0.0,0.0,-52.0,0.0,0.0,0.0,0.0,0.000278,0.0,0.0,-67.5,0.0,0.0,0.0,0.00121,0.0,0.0,0.0,0.0,0.0,0.0,0.0,0.14619000000000001,3,529
11.3301,0.0,0.0,0.0,0.0,-765.0,0.0,0.0,0.0,0.0625,0.0,0.0,0.0,0.0,0.0,0.0,-30.4,0.0,-8.3,0.0,0.0,0.0,-52.2,0.0,0.0,0.0,0.0,0.000278,0.0,0.0,-67.5,0.0,0.0,0.0,0.00119,0.0,0.0,0.0,0.0,0.0,0.0,0.0,0.19005,4,533
11.5202,0.0,0.0,0.0,0.0,-778.0,0.0,0.0,0.0,0.0628,0.0,0.0,0.0,0.0,0.0,0.0,-30.3,0.0,-8.3,0.0,0.0,0.0,-52.4,0.0,0.0,0.0,0.0,0.000278,0.0,0.0,-67.5,0.0,0.0,0.0,0.00116,0.0,0.0,0.0,0.0,0.0,0.0,0.0,0.19005,4,537
11.7102,0.0,0.0,0.0,0.0,-790.0,0.0,0.0,0.0,0.063,0.0,0.0,0.0,0.0,0.0,0.0,-30.2,0.0,-8.2,0.0,0.0,0.0,-52.6,0.0,0.0,0.0,0.0,0.000278,0.0,0.0,-67.5,0.0,0.0,0.0,0.00114,0.0,0.0,0.0,0.0,0.0,0.0,0.0,0.19005,4,541
11.9003,0.0,0.0,0.0,0.0,-803.0,0.0,0.0,0.0,0.0632,0.0,0.0,0.0,0.0,0.0,0.0,-30.2,0.0,-8.2,0.0,0.0,0.0,-52.8,0.0,0.0,0.0,0.0,0.000278,0.0,0.0,-67.5,0.0,0.0,0.0,0.00112,0.0,0.0,0.0,0.0,0.0,0.0,0.0,0.19005,4,545
12.0903,0.0,0.0,0.0,0.0,-816.0,0.0,0.0,0.0,0.0634,0.0,0.0,0.0,0.0,0.0,0.0,-30.1,0.0,-8.2,0.0,0.0,0.0,-52.9,0.0,0.0,0.0,0.0,0.000278,0.0,0.0,-67.5,0.0,0.0,0.0,0.00109,0.0,0.0,0.0,0.0,0.0,0.0,0.0,0.19005,4,549
12.2804,0.0,0.0,0.0,0.0,-829.0,0.0,0.0,0.0,0.0636,0.0,0.0,0.0,0.0,0.0,0.0,-30.1,0.0,-8.2,0.0,0.0,0.0,-53.1,0.0,0.0,0.0,0.0,0.000278,0.0,0.0,-67.5,0.0,0.0,0.0,0.00107,0.0,0.0,0.0,0.0,0.0,0.0,0.0,0.19005,4,553
12.4704,0.0,0.0,0.0,0.0,-842.0,0.0,0.0,0.0,0.0638,0.0,0.0,0.0,0.0,0.0,0.0,-30.0,0.0,-8.2,0.0,0.0,0.0,-53.3,0.0,0.0,0.0,0.0,0.000278,0.0,0.0,-67.5,0.0,0.0,0.0,0.00105,0.0,0.0,0.0,0.0,0.0,0.0,0.0,0.19005,4,557
12.6605,0.0,0.0,0.0,0.0,-855.0,0.0,0.0,0.0,0.064,0.0,0.0,0.0,0.0,0.0,0.0,-29.9,0.0,-8.1,0.0,0.0,0.0,-53.4,0.0,0.0,0.0,0.0,0.000278,0.0,0.0,-67.5,0.0,0.0,0.0,0.00103,0.0,0.0,0.0,0.0,0.0,0.0,0.0,0.19005,4,561
12.8505,0.0,0.0,0.0,0.0,-867.0,0.0,0.0,0.0,0.0642,0.0,0.0,0.0,0.0,0.0,0.0,-29.9,0.0,-8.1,0.0,0.0,0.0,-53.6,0.0,0.0,0.0,0.0,0.000278,0.0,0.0,-67.5,0.0,0.0,0.0,0.00101,0.0,0.0,0.0,0.0,0.0,0.0,0.0,0.19005,4,565
13.0406,0.0,0.0,0.0,0.0,-880.0,0.0,0.0,0.0,0.0644,0.0,0.0,0.0,0.0,0.0,0.0,-29.8,0.0,-8.1,0.0,0.0,0.0,-53.8,0.0,0.0,0.0,0.0,0.000278,0.0,0.0,-67.5,0.0,0.0,0.0,0.000987,0.0,0.0,0.0,0.0,0.0,0.0,0.0,0.19005,4,569
13.2365,0.0,0.0,0.0,0.0,-893.0,0.0,0.0,0.0,0.0646,0.0,0.0,0.0,0.0,0.0,0.0,-29.7,0.0,-8.1,0.0,0.0,0.0,-53.9,0.0,0.0,0.0,0.0,0.000278,0.0,0.0,-67.5,0.0,0.0,0.0,0.000968,0.0,0.0,0.0,0.0,0.0,0.0,0.0,0.19594,4,573
13.4324,0.0,0.0,0.0,0.0,-907.0,0.0,0.0,0.0,0.0648,0.0,0.0,0.0,0.0,0.0,0.0,-29.7,0.0,-8.1,0.0,0.0,0.0,-54.1,0.0,0.0,0.0,0.0,0.000278,0.0,0.0,-67.5,0.0,0.0,0.0,0.0009480000000000001,0.0,0.0,0.0,0.0,0.0,0.0,0.0,0.19594,4,577
13.6284,0.0,0.0,0.0,0.0,-920.0,0.0,0.0,0.0,0.0649,0.0,0.0,0.0,0.0,0.0,0.0,-29.6,0.0,-8.1,0.0,0.0,0.0,-54.3,0.0,0.0,0.0,0.0,0.000278,0.0,0.0,-67.5,0.0,0.0,0.0,0.00093,0.0,0.0,0.0,0.0,0.0,0.0,0.0,0.19594,4,581
13.8243,0.0,0.0,0.0,0.0,-933.0,0.0,0.0,0.0,0.0651,0.0,0.0,0.0,0.0,0.0,0.0,-29.5,0.0,-8.0,0.0,0.0,0.0,-54.4,0.0,0.0,0.0,0.0,0.000278,0.0,0.0,-67.5,0.0,0.0,0.0,0.0009119999999999999,0.0,0.0,0.0,0.0,0.0,0.0,0.0,0.19594,4,585
14.0203,0.0,0.0,0.0,0.0,-946.0,0.0,0.0,0.0,0.0653,0.0,0.0,0.0,0.0,0.0,0.0,-29.5,0.0,-8.0,0.0,0.0,0.0,-54.6,0.0,0.0,0.0,0.0,0.000278,0.0,0.0,-67.5,0.0,0.0,0.0,0.0008939999999999999,0.0,0.0,0.0,0.0,0.0,0.0,0.0,0.19594,4,589
14.2162,0.0,0.0,0.0,0.0,-960.0,0.0,0.0,0.0,0.0655,0.0,0.0,0.0,0.0,0.0,0.0,-29.4,0.0,-8.0,0.0,0.0,0.0,-54.8,0.0,0.0,0.0,0.0,0.000278,0.0,0.0,-67.5,0.0,0.0,0.0,0.000877,0.0,0.0,0.0,0.0,0.0,0.0,0.0,0.19594,4,593
14.4122,0.0,0.0,0.0,0.0,-973.0,0.0,0.0,0.0,0.0656,0.0,0.0,0.0,0.0,0.0,0.0,-29.3,0.0,-8.0,0.0,0.0,0.0,-54.9,0.0,0.0,0.0,0.0,0.000278,0.0,0.0,-67.5,0.0,0.0,0.0,0.00086,0.0,0.0,0.0,0.0,0.0,0.0,0.0,0.19594,4,597
14.6081,0.0,0.0,0.0,0.0,-986.0,0.0,0.0,0.0,0.0658,0.0,0.0,0.0,0.0,0.0,0.0,-29.2,0.0,-8.0,0.0,0.0,0.0,-55.1,0.0,0.0,0.0,0.0,0.000278,0.0,0.0,-67.5,0.0,0.0,0.0,0.0008439999999999999,0.0,0.0,0.0,0.0,0.0,0.0,0.0,0.19594,4,601
14.8041,0.0,0.0,0.0,0.0,-999.0,0.0,0.0,0.0,0.066,0.0,0.0,0.0,0.0,0.0,0.0,-29.2,0.0,-8.0,0.0,0.0,0.0,-55.3,0.0,0.0,0.0,0.0,0.000278,0.0,0.0,-67.5,0.0,0.0,0.0,0.0008289999999999999,0.0,0.0,0.0,0.0,0.0,0.0,0.0,0.19594,4,605
15.0,0.0,0.0,0.0,0.0,-1010.0,0.0,0.0,0.0,0.0661,0.0,0.0,0.0,0.0,0.0,0.0,-29.1,0.0,-7.9,0.0,0.0,0.0,-55.4,0.0,0.0,0.0,0.0,0.000278,0.0,0.0,-67.5,0.0,0.0,0.0,0.000813,0.0,0.0,0.0,0.0,0.0,0.0,0.0,0.19594,4,609
15.19,0.0,0.0,0.0,0.0,-1030.0,0.0,0.0,0.0,0.0663,0.0,0.0,0.0,0.0,0.0,0.0,-29.0,0.0,-7.9,0.0,0.0,0.0,-55.6,0.0,0.0,0.0,0.0,0.000278,0.0,0.0,-67.5,0.0,0.0,0.0,0.000798,0.0,0.0,0.0,0.0,0.0,0.0,0.0,0.19005,4,613
15.3801,0.0,0.0,0.0,0.0,-1040.0,0.0,0.0,0.0,0.0664,0.0,0.0,0.0,0.0,0.0,0.0,-28.9,0.0,-7.9,0.0,0.0,0.0,-55.7,0.0,0.0,0.0,0.0,0.000278,0.0,0.0,-67.5,0.0,0.0,0.0,0.000784,0.0,0.0,0.0,0.0,0.0,0.0,0.0,0.19005,4,617
15.5701,0.0,0.0,0.0,0.0,-1050.0,0.0,0.0,0.0,0.0666,0.0,0.0,0.0,0.0,0.0,0.0,-28.8,0.0,-7.9,0.0,0.0,0.0,-55.9,0.0,0.0,0.0,0.0,0.000278,0.0,0.0,-67.5,0.0,0.0,0.0,0.000771,0.0,0.0,0.0,0.0,0.0,0.0,0.0,0.19005,4,621
15.7602,0.0,0.0,0.0,0.0,-1060.0,0.0,0.0,0.0,0.0667,0.0,0.0,0.0,0.0,0.0,0.0,-28.8,0.0,-7.9,0.0,0.0,0.0,-56.0,0.0,0.0,0.0,0.0,0.000278,0.0,0.0,-67.5,0.0,0.0,0.0,0.000758,0.0,0.0,0.0,0.0,0.0,0.0,0.0,0.19005,4,625
15.9502,0.0,0.0,0.0,0.0,-1080.0,0.0,0.0,0.0,0.0668,0.0,0.0,0.0,0.0,0.0,0.0,-28.7,0.0,-7.9,0.0,0.0,0.0,-56.2,0.0,0.0,0.0,0.0,0.000278,0.0,0.0,-67.5,0.0,0.0,0.0,0.000745,0.0,0.0,0.0,0.0,0.0,0.0,0.0,0.19005,4,629
16.1403,0.0,0.0,0.0,0.0,-1090.0,0.0,0.0,0.0,0.067,0.0,0.0,0.0,0.0,0.0,0.0,-28.6,0.0,-7.9,0.0,0.0,0.0,-56.3,0.0,0.0,0.0,0.0,0.000278,0.0,0.0,-67.5,0.0,0.0,0.0,0.000732,0.0,0.0,0.0,0.0,0.0,0.0,0.0,0.19005,4,633
16.3303,0.0,0.0,0.0,0.0,-1100.0,0.0,0.0,0.0,0.0671,0.0,0.0,0.0,0.0,0.0,0.0,-28.5,0.0,-7.8,0.0,0.0,0.0,-56.5,0.0,0.0,0.0,0.0,0.000278,0.0,0.0,-67.5,0.0,0.0,0.0,0.00072,0.0,0.0,0.0,0.0,0.0,0.0,0.0,0.19005,4,637
16.5204,0.0,0.0,0.0,0.0,-1120.0,0.0,0.0,0.0,0.0673,0.0,0.0,0.0,0.0,0.0,0.0,-28.4,0.0,-7.8,0.0,0.0,0.0,-56.6,0.0,0.0,0.0,0.0,0.000278,0.0,0.0,-67.5,0.0,0.0,0.0,0.000708,0.0,0.0,0.0,0.0,0.0,0.0,0.0,0.19005,4,641
16.7104,0.0,0.0,0.0,0.0,-1130.0,0.0,0.0,0.0,0.0674,0.0,0.0,0.0,0.0,0.0,0.0,-28.4,0.0,-7.8,0.0,0.0,0.0,-56.8,0.0,0.0,0.0,0.0,0.000278,0.0,0.0,-67.5,0.0,0.0,0.0,0.000696,0.0,0.0,0.0,0.0,0.0,0.0,0.0,0.19005,4,645
16.9005,0.0,0.0,0.0,0.0,-1140.0,0.0,0.0,0.0,0.0675,0.0,0.0,0.0,0.0,0.0,0.0,-28.3,0.0,-7.8,0.0,0.0,0.0,-56.9,0.0,0.0,0.0,0.0,0.000278,0.0,0.0,-67.5,0.0,0.0,0.0,0.000684,0.0,0.0,0.0,0.0,0.0,0.0,0.0,0.19005,4,649
17.0905,0.0,0.0,0.0,0.0,-1150.0,0.0,0.0,0.0,0.0676,0.0,0.0,0.0,0.0,0.0,0.0,-28.2,0.0,-7.8,0.0,0.0,0.0,-57.1,0.0,0.0,0.0,0.0,0.000278,0.0,0.0,-67.5,0.0,0.0,0.0,0.0006730000000000001,0.0,0.0,0.0,0.0,0.0,0.0,0.0,0.19005,4,653
17.2806,0.0,0.0,0.0,0.0,-1170.0,0.0,0.0,0.0,0.0678,0.0,0.0,0.0,0.0,0.0,0.0,-28.1,0.0,-7.8,0.0,0.0,0.0,-57.2,0.0,0.0,0.0,0.0,0.000278,0.0,0.0,-67.5,0.0,0.0,0.0,0.000662,0.0,0.0,0.0,0.0,0.0,0.0,0.0,0.19005,4,657
17.4706,0.0,0.0,0.0,0.0,-1180.0,0.0,0.0,0.0,0.0679,0.0,0.0,0.0,0.0,0.0,0.0,-28.0,0.0,-7.8,0.0,0.0,0.0,-57.4,0.0,0.0,0.0,0.0,0.000278,0.0,0.0,-67.5,0.0,0.0,0.0,0.0006519999999999999,0.0,0.0,0.0,0.0,0.0,0.0,0.0,0.19005,4,661
17.6607,0.0,0.0,0.0,0.0,-1190.0,0.0,0.0,0.0,0.068,0.0,0.0,0.0,0.0,0.0,0.0,-27.9,0.0,-7.8,0.0,0.0,0.0,-57.5,0.0,0.0,0.0,0.0,0.000278,0.0,0.0,-67.5,0.0,0.0,0.0,0.000641,0.0,0.0,0.0,0.0,0.0,0.0,0.0,0.19005,4,665
17.8507,0.0,0.0,0.0,0.0,-1200.0,0.0,0.0,0.0,0.0681,0.0,0.0,0.0,0.0,0.0,0.0,-27.8,0.0,-7.7,0.0,0.0,0.0,-57.6,0.0,0.0,0.0,0.0,0.000278,0.0,0.0,-67.5,0.0,0.0,0.0,0.0006309999999999999,0.0,0.0,0.0,0.0,0.0,0.0,0.0,0.19005,4,669
18.0408,0.0,0.0,0.0,0.0,-1220.0,0.0,0.0,0.0,0.0683,0.0,0.0,0.0,0.0,0.0,0.0,-27.8,0.0,-7.7,0.0,0.0,0.0,-57.8,0.0,0.0,0.0,0.0,0.000278,0.0,0.0,-67.5,0.0,0.0,0.0,0.000621,0.0,0.0,0.0,0.0,0.0,0.0,0.0,0.19005,4,673
18.2308,0.0,0.0,0.0,0.0,-1230.0,0.0,0.0,0.0,0.0684,0.0,0.0,0.0,0.0,0.0,0.0,-27.7,0.0,-7.7,0.0,0.0,0.0,-57.9,0.0,0.0,0.0,0.0,0.000278,0.0,0.0,-67.5,0.0,0.0,0.0,0.000612,0.0,0.0,0.0,0.0,0.0,0.0,0.0,0.19005,4,677
18.4209,0.0,0.0,0.0,0.0,-1240.0,0.0,0.0,0.0,0.0685,0.0,0.0,0.0,0.0,0.0,0.0,-27.6,0.0,-7.7,0.0,0.0,0.0,-58.1,0.0,0.0,0.0,0.0,0.000278,0.0,0.0,-67.5,0.0,0.0,0.0,0.000602,0.0,0.0,0.0,0.0,0.0,0.0,0.0,0.19005,4,681
18.6109,0.0,0.0,0.0,0.0,-1260.0,0.0,0.0,0.0,0.0686,0.0,0.0,0.0,0.0,0.0,0.0,-27.5,0.0,-7.7,0.0,0.0,0.0,-58.2,0.0,0.0,0.0,0.0,0.000278,0.0,0.0,-67.5,0.0,0.0,0.0,0.000593,0.0,0.0,0.0,0.0,0.0,0.0,0.0,0.19005,4,685
18.801,0.0,0.0,0.0,0.0,-1270.0,0.0,0.0,0.0,0.0687,0.0,0.0,0.0,0.0,0.0,0.0,-27.4,0.0,-7.7,0.0,0.0,0.0,-58.3,0.0,0.0,0.0,0.0,0.000278,0.0,0.0,-67.5,0.0,0.0,0.0,0.000584,0.0,0.0,0.0,0.0,0.0,0.0,0.0,0.19005,4,689
18.991,0.0,0.0,0.0,0.0,-1280.0,0.0,0.0,0.0,0.0688,0.0,0.0,0.0,0.0,0.0,0.0,-27.3,0.0,-7.7,0.0,0.0,0.0,-58.5,0.0,0.0,0.0,0.0,0.000278,0.0,0.0,-67.5,0.0,0.0,0.0,0.000575,0.0,0.0,0.0,0.0,0.0,0.0,0.0,0.19005,3,692
19.2381,0.0,0.0,0.0,0.0,-1300.0,0.0,0.0,0.0,0.069,0.0,0.0,0.0,0.0,0.0,0.0,-27.2,0.0,-7.7,0.0,0.0,0.0,-58.7,0.0,0.0,0.0,0.0,0.000278,0.0,0.0,-67.5,0.0,0.0,0.0,0.000566,0.0,0.0,0.0,0.0,0.0,0.0,0.0,0.24706,4,696
19.4852,0.0,0.0,0.0,0.0,-1320.0,0.0,0.0,0.0,0.0691,0.0,0.0,0.0,0.0,0.0,0.0,-27.1,0.0,-7.6,0.0,0.0,0.0,-58.8,0.0,0.0,0.0,0.0,0.000278,0.0,0.0,-67.5,0.0,0.0,0.0,0.0005549999999999999,0.0,0.0,0.0,0.0,0.0,0.0,0.0,0.24706,4,700
19.7322,0.0,0.0,0.0,0.0,-1330.0,0.0,0.0,0.0,0.0692,0.0,0.0,0.0,0.0,0.0,0.0,-26.9,0.0,-7.6,0.0,0.0,0.0,-59.0,0.0,0.0,0.0,0.0,0.000278,0.0,0.0,-67.5,0.0,0.0,0.0,0.000544,0.0,0.0,0.0,0.0,0.0,0.0,0.0,0.24706,4,704
19.9793,0.0,0.0,0.0,0.0,-1350.0,0.0,0.0,0.0,0.0694,0.0,0.0,0.0,0.0,0.0,0.0,-26.8,0.0,-7.6,0.0,0.0,0.0,-59.2,0.0,0.0,0.0,0.0,0.000278,0.0,0.0,-67.5,0.0,0.0,0.0,0.000534,0.0,0.0,0.0,0.0,0.0,0.0,0.0,0.24706,4,708
20.2264,0.0,0.0,0.0,0.0,-1370.0,0.0,0.0,0.0,0.0695,0.0,0.0,0.0,0.0,0.0,0.0,-26.7,0.0,-7.6,0.0,0.0,0.0,-59.4,0.0,0.0,0.0,0.0,0.000278,0.0,0.0,-67.5,0.0,0.0,0.0,0.000524,0.0,0.0,0.0,0.0,0.0,0.0,0.0,0.24706,4,712
20.4734,0.0,0.0,0.0,0.0,-1380.0,0.0,0.0,0.0,0.0696,0.0,0.0,0.0,0.0,0.0,0.0,-26.6,0.0,-7.6,0.0,0.0,0.0,-59.6,0.0,0.0,0.0,0.0,0.000278,0.0,0.0,-67.5,0.0,0.0,0.0,0.0005139999999999999,0.0,0.0,0.0,0.0,0.0,0.0,0.0,0.24706,4,716
20.7205,0.0,0.0,0.0,0.0,-1400.0,0.0,0.0,0.0,0.0697,0.0,0.0,0.0,0.0,0.0,0.0,-26.4,0.0,-7.6,0.0,0.0,0.0,-59.7,0.0,0.0,0.0,0.0,0.000278,0.0,0.0,-67.5,0.0,0.0,0.0,0.000504,0.0,0.0,0.0,0.0,0.0,0.0,0.0,0.24706,4,720
20.9676,0.0,0.0,0.0,0.0,-1420.0,0.0,0.0,0.0,0.0699,0.0,0.0,0.0,0.0,0.0,0.0,-26.3,0.0,-7.6,0.0,0.0,0.0,-59.9,0.0,0.0,0.0,0.0,0.000278,0.0,0.0,-67.5,0.0,0.0,0.0,0.000495,0.0,0.0,0.0,0.0,0.0,0.0,0.0,0.24706,4,724
21.2146,0.0,0.0,0.0,0.0,-1430.0,0.0,0.0,0.0,0.07,0.0,0.0,0.0,0.0,0.0,0.0,-26.2,0.0,-7.6,0.0,0.0,0.0,-60.1,0.0,0.0,0.0,0.0,0.000278,0.0,0.0,-67.5,0.0,0.0,0.0,0.00048600000000000005,0.0,0.0,0.0,0.0,0.0,0.0,0.0,0.24706,4,728
21.4617,0.0,0.0,0.0,0.0,-1450.0,0.0,0.0,0.0,0.0701,0.0,0.0,0.0,0.0,0.0,0.0,-26.1,0.0,-7.5,0.0,0.0,0.0,-60.3,0.0,0.0,0.0,0.0,0.000278,0.0,0.0,-67.5,0.0,0.0,0.0,0.00047699999999999994,0.0,0.0,0.0,0.0,0.0,0.0,0.0,0.24706,4,732
21.7087,0.0,0.0,0.0,0.0,-1470.0,0.0,0.0,0.0,0.0702,0.0,0.0,0.0,0.0,0.0,0.0,-25.9,0.0,-7.5,0.0,0.0,0.0,-60.4,0.0,0.0,0.0,0.0,0.000278,0.0,0.0,-67.5,0.0,0.0,0.0,0.000468,0.0,0.0,0.0,0.0,0.0,0.0,0.0,0.24706,4,736
21.9558,0.0,0.0,0.0,0.0,-1480.0,0.0,0.0,0.0,0.0703,0.0,0.0,0.0,0.0,0.0,0.0,-25.8,0.0,-7.5,0.0,0.0,0.0,-60.6,0.0,0.0,0.0,0.0,0.000278,0.0,0.0,-67.5,0.0,0.0,0.0,0.00045999999999999996,0.0,0.0,0.0,0.0,0.0,0.0,0.0,0.24706,4,740
22.2029,0.0,0.0,0.0,0.0,-1500.0,0.0,0.0,0.0,0.0704,0.0,0.0,0.0,0.0,0.0,0.0,-25.7,0.0,-7.5,0.0,0.0,0.0,-60.8,0.0,0.0,0.0,0.0,0.000278,0.0,0.0,-67.5,0.0,0.0,0.0,0.000452,0.0,0.0,0.0,0.0,0.0,0.0,0.0,0.24706,4,744
22.4499,0.0,0.0,0.0,0.0,-1520.0,0.0,0.0,0.0,0.0706,0.0,0.0,0.0,0.0,0.0,0.0,-25.5,0.0,-7.5,0.0,0.0,0.0,-60.9,0.0,0.0,0.0,0.0,0.000278,0.0,0.0,-67.5,0.0,0.0,0.0,0.00044400000000000006,0.0,0.0,0.0,0.0,0.0,0.0,0.0,0.24706,4,748
22.697,0.0,0.0,0.0,0.0,-1530.0,0.0,0.0,0.0,0.0707,0.0,0.0,0.0,0.0,0.0,0.0,-25.4,0.0,-7.5,0.0,0.0,0.0,-61.1,0.0,0.0,0.0,0.0,0.000278,0.0,0.0,-67.5,0.0,0.0,0.0,0.000436,0.0,0.0,0.0,0.0,0.0,0.0,0.0,0.24706,4,752
22.9441,0.0,0.0,0.0,0.0,-1550.0,0.0,0.0,0.0,0.0708,0.0,0.0,0.0,0.0,0.0,0.0,-25.3,0.0,-7.5,0.0,0.0,0.0,-61.3,0.0,0.0,0.0,0.0,0.000278,0.0,0.0,-67.5,0.0,0.0,0.0,0.00042800000000000005,0.0,0.0,0.0,0.0,0.0,0.0,0.0,0.24706,4,756
23.1911,0.0,0.0,0.0,0.0,-1570.0,0.0,0.0,0.0,0.0709,0.0,0.0,0.0,0.0,0.0,0.0,-25.2,0.0,-7.5,0.0,0.0,0.0,-61.4,0.0,0.0,0.0,0.0,0.000278,0.0,0.0,-67.5,0.0,0.0,0.0,0.000421,0.0,0.0,0.0,0.0,0.0,0.0,0.0,0.24706,4,760
23.4382,0.0,0.0,0.0,0.0,-1580.0,0.0,0.0,0.0,0.071,0.0,0.0,0.0,0.0,0.0,0.0,-25.0,0.0,-7.4,0.0,0.0,0.0,-61.6,0.0,0.0,0.0,0.0,0.000278,0.0,0.0,-67.5,0.0,0.0,0.0,0.000414,0.0,0.0,0.0,0.0,0.0,0.0,0.0,0.24706,4,764
23.6853,0.0,0.0,0.0,0.0,-1600.0,0.0,0.0,0.0,0.0711,0.0,0.0,0.0,0.0,0.0,0.0,-24.9,0.0,-7.4,0.0,0.0,0.0,-61.8,0.0,0.0,0.0,0.0,0.000278,0.0,0.0,-67.5,0.0,0.0,0.0,0.00040599999999999995,0.0,0.0,0.0,0.0,0.0,0.0,0.0,0.24706,4,768
23.9323,0.0,0.0,0.0,0.0,-1620.0,0.0,0.0,0.0,0.0712,0.0,0.0,0.0,0.0,0.0,0.0,-24.8,0.0,-7.4,0.0,0.0,0.0,-61.9,0.0,0.0,0.0,0.0,0.000278,0.0,0.0,-67.5,0.0,0.0,0.0,0.0004,0.0,0.0,0.0,0.0,0.0,0.0,0.0,0.24706,4,772
24.1794,0.0,0.0,0.0,0.0,-1630.0,0.0,0.0,0.0,0.0713,0.0,0.0,0.0,0.0,0.0,0.0,-24.6,0.0,-7.4,0.0,0.0,0.0,-62.1,0.0,0.0,0.0,0.0,0.000278,0.0,0.0,-67.5,0.0,0.0,0.0,0.000393,0.0,0.0,0.0,0.0,0.0,0.0,0.0,0.24706,4,776
24.4265,0.0,0.0,0.0,0.0,-1650.0,0.0,0.0,0.0,0.0714,0.0,0.0,0.0,0.0,0.0,0.0,-24.5,0.0,-7.4,0.0,0.0,0.0,-62.3,0.0,0.0,0.0,0.0,0.000278,0.0,0.0,-67.5,0.0,0.0,0.0,0.000386,0.0,0.0,0.0,0.0,0.0,0.0,0.0,0.24706,4,780
24.6735,0.0,0.0,0.0,0.0,-1670.0,0.0,0.0,0.0,0.0715,0.0,0.0,0.0,0.0,0.0,0.0,-24.3,0.0,-7.4,0.0,0.0,0.0,-62.4,0.0,0.0,0.0,0.0,0.000278,0.0,0.0,-67.5,0.0,0.0,0.0,0.00037999999999999997,0.0,0.0,0.0,0.0,0.0,0.0,0.0,0.24706,4,784
24.9206,0.0,0.0,0.0,0.0,-1680.0,0.0,0.0,0.0,0.0716,0.0,0.0,0.0,0.0,0.0,0.0,-24.2,0.0,-7.4,0.0,0.0,0.0,-62.6,0.0,0.0,0.0,0.0,0.000278,0.0,0.0,-67.5,0.0,0.0,0.0,0.000373,0.0,0.0,0.0,0.0,0.0,0.0,0.0,0.24706,4,788
25.1676,0.0,0.0,0.0,0.0,-1700.0,0.0,0.0,0.0,0.0716,0.0,0.0,0.0,0.0,0.0,0.0,-24.1,0.0,-7.4,0.0,0.0,0.0,-62.8,0.0,0.0,0.0,0.0,0.000278,0.0,0.0,-67.5,0.0,0.0,0.0,0.000367,0.0,0.0,0.0,0.0,0.0,0.0,0.0,0.24706,4,792
25.4147,0.0,0.0,0.0,0.0,-1720.0,0.0,0.0,0.0,0.0717,0.0,0.0,0.0,0.0,0.0,0.0,-23.9,0.0,-7.4,0.0,0.0,0.0,-62.9,0.0,0.0,0.0,0.0,0.000278,0.0,0.0,-67.5,0.0,0.0,0.0,0.000361,0.0,0.0,0.0,0.0,0.0,0.0,0.0,0.24706,4,796
25.6618,0.0,0.0,0.0,0.0,-1730.0,0.0,0.0,0.0,0.0718,0.0,0.0,0.0,0.0,0.0,0.0,-23.8,0.0,-7.3,0.0,0.0,0.0,-63.1,0.0,0.0,0.0,0.0,0.000278,0.0,0.0,-67.5,0.0,0.0,0.0,0.00035499999999999996,0.0,0.0,0.0,0.0,0.0,0.0,0.0,0.24706,4,800
25.9088,0.0,0.0,0.0,0.0,-1750.0,0.0,0.0,0.0,0.0719,0.0,0.0,0.0,0.0,0.0,0.0,-23.7,0.0,-7.3,0.0,0.0,0.0,-63.3,0.0,0.0,0.0,0.0,0.000278,0.0,0.0,-67.5,0.0,0.0,0.0,0.000349,0.0,0.0,0.0,0.0,0.0,0.0,0.0,0.24706,4,804
26.1559,0.0,0.0,0.0,0.0,-1770.0,0.0,0.0,0.0,0.072,0.0,0.0,0.0,0.0,0.0,0.0,-23.5,0.0,-7.3,0.0,0.0,0.0,-63.4,0.0,0.0,0.0,0.0,0.000278,0.0,0.0,-67.5,0.0,0.0,0.0,0.000344,0.0,0.0,0.0,0.0,0.0,0.0,0.0,0.24706,4,808
26.403,0.0,0.0,0.0,0.0,-1780.0,0.0,0.0,0.0,0.0721,0.0,0.0,0.0,0.0,0.0,0.0,-23.4,0.0,-7.3,0.0,0.0,0.0,-63.6,0.0,0.0,0.0,0.0,0.000278,0.0,0.0,-67.5,0.0,0.0,0.0,0.000338,0.0,0.0,0.0,0.0,0.0,0.0,0.0,0.24706,4,812
26.65,0.0,0.0,0.0,0.0,-1800.0,0.0,0.0,0.0,0.0722,0.0,0.0,0.0,0.0,0.0,0.0,-23.2,0.0,-7.3,0.0,0.0,0.0,-63.7,0.0,0.0,0.0,0.0,0.000278,0.0,0.0,-67.5,0.0,0.0,0.0,0.000333,0.0,0.0,0.0,0.0,0.0,0.0,0.0,0.24706,4,816
26.8971,0.0,0.0,0.0,0.0,-1820.0,0.0,0.0,0.0,0.0722,0.0,0.0,0.0,0.0,0.0,0.0,-23.1,0.0,-7.3,0.0,0.0,0.0,-63.9,0.0,0.0,0.0,0.0,0.000278,0.0,0.0,-67.5,0.0,0.0,0.0,0.000327,0.0,0.0,0.0,0.0,0.0,0.0,0.0,0.24706,4,820
27.1442,0.0,0.0,0.0,0.0,-1830.0,0.0,0.0,0.0,0.0723,0.0,0.0,0.0,0.0,0.0,0.0,-23.0,0.0,-7.3,0.0,0.0,0.0,-64.1,0.0,0.0,0.0,0.0,0.000278,0.0,0.0,-67.5,0.0,0.0,0.0,0.000322,0.0,0.0,0.0,0.0,0.0,0.0,0.0,0.24706,4,824
27.3912,0.0,0.0,0.0,0.0,-1850.0,0.0,0.0,0.0,0.0724,0.0,0.0,0.0,0.0,0.0,0.0,-22.8,0.0,-7.3,0.0,0.0,0.0,-64.2,0.0,0.0,0.0,0.0,0.000278,0.0,0.0,-67.5,0.0,0.0,0.0,0.000317,0.0,0.0,0.0,0.0,0.0,0.0,0.0,0.24706,4,828
27.6383,0.0,0.0,0.0,0.0,-1870.0,0.0,0.0,0.0,0.0725,0.0,0.0,0.0,0.0,0.0,0.0,-22.7,0.0,-7.3,0.0,0.0,0.0,-64.4,0.0,0.0,0.0,0.0,0.000278,0.0,0.0,-67.5,0.0,0.0,0.0,0.000312,0.0,0.0,0.0,0.0,0.0,0.0,0.0,0.24706,4,832
27.8745,0.0,0.0,0.0,0.0,-1880.0,0.0,0.0,0.0,0.0725,0.0,0.0,0.0,0.0,0.0,0.0,-22.6,0.0,-7.3,0.0,0.0,0.0,-64.5,0.0,0.0,0.0,0.0,0.000278,0.0,0.0,-67.5,0.0,0.0,0.0,0.000307,0.0,0.0,0.0,0.0,0.0,0.0,0.0,0.23617,4,836
28.1106,0.0,0.0,0.0,0.0,-1900.0,0.0,0.0,0.0,0.0726,0.0,0.0,0.0,0.0,0.0,0.0,-22.4,0.0,-7.3,0.0,0.0,0.0,-64.7,0.0,0.0,0.0,0.0,0.000278,0.0,0.0,-67.5,0.0,0.0,0.0,0.000303,0.0,0.0,0.0,0.0,0.0,0.0,0.0,0.23617,4,840
28.3468,0.0,0.0,0.0,0.0,-1910.0,0.0,0.0,0.0,0.0727,0.0,0.0,0.0,0.0,0.0,0.0,-22.3,0.0,-7.2,0.0,0.0,0.0,-64.8,0.0,0.0,0.0,0.0,0.000278,0.0,0.0,-67.5,0.0,0.0,0.0,0.000298,0.0,0.0,0.0,0.0,0.0,0.0,0.0,0.23617,4,844
28.583,0.0,0.0,0.0,0.0,-1930.0,0.0,0.0,0.0,0.0728,0.0,0.0,0.0,0.0,0.0,0.0,-22.1,0.0,-7.2,0.0,0.0,0.0,-65.0,0.0,0.0,0.0,0.0,0.000278,0.0,0.0,-67.5,0.0,0.0,0.0,0.000294,0.0,0.0,0.0,0.0,0.0,0.0,0.0,0.23617,3,847
28.9372,0.0,0.0,0.0,0.0,-1950.0,0.0,0.0,0.0,0.0729,0.0,0.0,0.0,0.0,0.0,0.0,-21.9,0.0,-7.2,0.0,0.0,0.0,-65.2,0.0,0.0,0.0,0.0,0.000278,0.0,0.0,-67.5,0.0,0.0,0.0,0.00029,0.0,0.0,0.0,0.0,0.0,0.0,0.0,0.35425999999999996,4,851
29.2915,0.0,0.0,0.0,0.0,-1980.0,0.0,0.0,0.0,0.073,0.0,0.0,0.0,0.0,0.0,0.0,-21.7,0.0,-7.2,0.0,0.0,0.0,-65.4,0.0,0.0,0.0,0.0,0.000278,0.0,0.0,-67.5,0.0,0.0,0.0,0.000283,0.0,0.0,0.0,0.0,0.0,0.0,0.0,0.35425999999999996,4,855
29.6457,0.0,0.0,0.0,0.0,-2000.0,0.0,0.0,0.0,0.0731,0.0,0.0,0.0,0.0,0.0,0.0,-21.5,0.0,-7.2,0.0,0.0,0.0,-65.7,0.0,0.0,0.0,0.0,0.000278,0.0,0.0,-67.5,0.0,0.0,0.0,0.000277,0.0,0.0,0.0,0.0,0.0,0.0,0.0,0.35425999999999996,4,859
30.0,0.0,0.0,0.0,0.0,-2030.0,0.0,0.0,0.0,0.0732,0.0,0.0,0.0,0.0,0.0,0.0,-21.3,0.0,-7.2,0.0,0.0,0.0,-65.9,0.0,0.0,0.0,0.0,0.000278,0.0,0.0,-67.5,0.0,0.0,0.0,0.000271,0.0,0.0,0.0,0.0,0.0,0.0,0.0,0.35425999999999996,4,863
30.3212,0.0,0.0,0.0,0.0,-2050.0,0.0,0.0,0.0,0.0732,0.0,0.0,0.0,0.0,0.0,0.0,-21.1,0.0,-7.2,0.0,0.0,0.0,-66.1,0.0,0.0,0.0,0.0,0.000278,0.0,0.0,-67.5,0.0,0.0,0.0,0.000265,0.0,0.0,0.0,0.0,0.0,0.0,0.0,0.32118,4,867
30.6424,0.0,0.0,0.0,0.0,-2070.0,0.0,0.0,0.0,0.0733,0.0,0.0,0.0,0.0,0.0,0.0,-20.9,0.0,-7.2,0.0,0.0,0.0,-66.3,0.0,0.0,0.0,0.0,0.000278,0.0,0.0,-67.5,0.0,0.0,0.0,0.00026000000000000003,0.0,0.0,0.0,0.0,0.0,0.0,0.0,0.32118,4,871
30.9636,0.0,0.0,0.0,0.0,-2090.0,0.0,0.0,0.0,0.0734,0.0,0.0,0.0,0.0,0.0,0.0,-20.7,0.0,-7.2,0.0,0.0,0.0,-66.5,0.0,0.0,0.0,0.0,0.000278,0.0,0.0,-67.5,0.0,0.0,0.0,0.00025499999999999996,0.0,0.0,0.0,0.0,0.0,0.0,0.0,0.32118,4,875
31.2847,0.0,0.0,0.0,0.0,-2110.0,0.0,0.0,0.0,0.0735,0.0,0.0,0.0,0.0,0.0,0.0,-20.5,0.0,-7.1,0.0,0.0,0.0,-66.7,0.0,0.0,0.0,0.0,0.000278,0.0,0.0,-67.5,0.0,0.0,0.0,0.00025,0.0,0.0,0.0,0.0,0.0,0.0,0.0,0.32118,4,879
31.6059,0.0,0.0,0.0,0.0,-2130.0,0.0,0.0,0.0,0.0736,0.0,0.0,0.0,0.0,0.0,0.0,-20.3,0.0,-7.1,0.0,0.0,0.0,-66.9,0.0,0.0,0.0,0.0,0.000278,0.0,0.0,-67.5,0.0,0.0,0.0,0.000246,0.0,0.0,0.0,0.0,0.0,0.0,0.0,0.32118,4,883
31.9271,0.0,0.0,0.0,0.0,-2160.0,0.0,0.0,0.0,0.0736,0.0,0.0,0.0,0.0,0.0,0.0,-20.1,0.0,-7.1,0.0,0.0,0.0,-67.1,0.0,0.0,0.0,0.0,0.000278,0.0,0.0,-67.5,0.0,0.0,0.0,0.000241,0.0,0.0,0.0,0.0,0.0,0.0,0.0,0.32118,4,887
32.2483,0.0,0.0,0.0,0.0,-2180.0,0.0,0.0,0.0,0.0737,0.0,0.0,0.0,0.0,0.0,0.0,-19.9,0.0,-7.1,0.0,0.0,0.0,-67.3,0.0,0.0,0.0,0.0,0.000278,0.0,0.0,-67.5,0.0,0.0,0.0,0.000236,0.0,0.0,0.0,0.0,0.0,0.0,0.0,0.32118,4,891
32.5695,0.0,0.0,0.0,0.0,-2200.0,0.0,0.0,0.0,0.0738,0.0,0.0,0.0,0.0,0.0,0.0,-19.7,0.0,-7.1,0.0,0.0,0.0,-67.5,0.0,0.0,0.0,0.0,0.000278,0.0,0.0,-67.5,0.0,0.0,0.0,0.00023199999999999997,0.0,0.0,0.0,0.0,0.0,0.0,0.0,0.32118,4,895
32.8907,0.0,0.0,0.0,0.0,-2220.0,0.0,0.0,0.0,0.0739,0.0,0.0,0.0,0.0,0.0,0.0,-19.5,0.0,-7.1,0.0,0.0,0.0,-67.7,0.0,0.0,0.0,0.0,0.000278,0.0,0.0,-67.5,0.0,0.0,0.0,0.00022799999999999999,0.0,0.0,0.0,0.0,0.0,0.0,0.0,0.32118,4,899
33.2118,0.0,0.0,0.0,0.0,-2240.0,0.0,0.0,0.0,0.0739,0.0,0.0,0.0,0.0,0.0,0.0,-19.3,0.0,-7.1,0.0,0.0,0.0,-67.9,0.0,0.0,0.0,0.0,0.000278,0.0,0.0,-67.5,0.0,0.0,0.0,0.00022400000000000002,0.0,0.0,0.0,0.0,0.0,0.0,0.0,0.32118,4,903
33.533,0.0,0.0,0.0,0.0,-2260.0,0.0,0.0,0.0,0.074,0.0,0.0,0.0,0.0,0.0,0.0,-19.1,0.0,-7.1,0.0,0.0,0.0,-68.1,0.0,0.0,0.0,0.0,0.000278,0.0,0.0,-67.5,0.0,0.0,0.0,0.00021899999999999998,0.0,0.0,0.0,0.0,0.0,0.0,0.0,0.32118,4,907
33.8542,0.0,0.0,0.0,0.0,-2290.0,0.0,0.0,0.0,0.0741,0.0,0.0,0.0,0.0,0.0,0.0,-18.9,0.0,-7.1,0.0,0.0,0.0,-68.3,0.0,0.0,0.0,0.0,0.000278,0.0,0.0,-67.5,0.0,0.0,0.0,0.000215,0.0,0.0,0.0,0.0,0.0,0.0,0.0,0.32118,4,911
34.1754,0.0,0.0,0.0,0.0,-2310.0,0.0,0.0,0.0,0.0741,0.0,0.0,0.0,0.0,0.0,0.0,-18.7,0.0,-7.0,0.0,0.0,0.0,-68.5,0.0,0.0,0.0,0.0,0.000278,0.0,0.0,-67.5,0.0,0.0,0.0,0.00021099999999999998,0.0,0.0,0.0,0.0,0.0,0.0,0.0,0.32118,4,915
34.4966,0.0,0.0,0.0,0.0,-2330.0,0.0,0.0,0.0,0.0742,0.0,0.0,0.0,0.0,0.0,0.0,-18.5,0.0,-7.0,0.0,0.0,0.0,-68.7,0.0,0.0,0.0,0.0,0.000278,0.0,0.0,-67.5,0.0,0.0,0.0,0.00020800000000000001,0.0,0.0,0.0,0.0,0.0,0.0,0.0,0.32118,4,919
34.8178,0.0,0.0,0.0,0.0,-2350.0,0.0,0.0,0.0,0.0743,0.0,0.0,0.0,0.0,0.0,0.0,-18.3,0.0,-7.0,0.0,0.0,0.0,-68.9,0.0,0.0,0.0,0.0,0.000278,0.0,0.0,-67.5,0.0,0.0,0.0,0.000204,0.0,0.0,0.0,0.0,0.0,0.0,0.0,0.32118,4,923
35.1389,0.0,0.0,0.0,0.0,-2370.0,0.0,0.0,0.0,0.0743,0.0,0.0,0.0,0.0,0.0,0.0,-18.1,0.0,-7.0,0.0,0.0,0.0,-69.1,0.0,0.0,0.0,0.0,0.000278,0.0,0.0,-67.5,0.0,0.0,0.0,0.0002,0.0,0.0,0.0,0.0,0.0,0.0,0.0,0.32118,4,927
35.4601,0.0,0.0,0.0,0.0,-2390.0,0.0,0.0,0.0,0.0744,0.0,0.0,0.0,0.0,0.0,0.0,-17.9,0.0,-7.0,0.0,0.0,0.0,-69.3,0.0,0.0,0.0,0.0,0.000278,0.0,0.0,-67.5,0.0,0.0,0.0,0.000197,0.0,0.0,0.0,0.0,0.0,0.0,0.0,0.32118,4,931
35.7813,0.0,0.0,0.0,0.0,-2420.0,0.0,0.0,0.0,0.0745,0.0,0.0,0.0,0.0,0.0,0.0,-17.8,0.0,-7.0,0.0,0.0,0.0,-69.5,0.0,0.0,0.0,0.0,0.000278,0.0,0.0,-67.5,0.0,0.0,0.0,0.000193,0.0,0.0,0.0,0.0,0.0,0.0,0.0,0.32118,4,935
36.1025,0.0,0.0,0.0,0.0,-2440.0,0.0,0.0,0.0,0.0745,0.0,0.0,0.0,0.0,0.0,0.0,-17.5,0.0,-7.0,0.0,0.0,0.0,-69.7,0.0,0.0,0.0,0.0,0.000278,0.0,0.0,-67.5,0.0,0.0,0.0,0.00018999999999999998,0.0,0.0,0.0,0.0,0.0,0.0,0.0,0.32118,4,939
36.4237,0.0,0.0,0.0,0.0,-2460.0,0.0,0.0,0.0,0.0746,0.0,0.0,0.0,0.0,0.0,0.0,-17.3,0.0,-7.0,0.0,0.0,0.0,-69.8,0.0,0.0,0.0,0.0,0.000278,0.0,0.0,-67.5,0.0,0.0,0.0,0.00018600000000000002,0.0,0.0,0.0,0.0,0.0,0.0,0.0,0.32118,4,943
36.7449,0.0,0.0,0.0,0.0,-2480.0,0.0,0.0,0.0,0.0746,0.0,0.0,0.0,0.0,0.0,0.0,-17.1,0.0,-7.0,0.0,0.0,0.0,-70.0,0.0,0.0,0.0,0.0,0.000278,0.0,0.0,-67.5,0.0,0.0,0.0,0.000183,0.0,0.0,0.0,0.0,0.0,0.0,0.0,0.32118,4,947
37.066,0.0,0.0,0.0,0.0,-2500.0,0.0,0.0,0.0,0.0747,0.0,0.0,0.0,0.0,0.0,0.0,-16.9,0.0,-7.0,0.0,0.0,0.0,-70.2,0.0,0.0,0.0,0.0,0.000278,0.0,0.0,-67.5,0.0,0.0,0.0,0.00018,0.0,0.0,0.0,0.0,0.0,0.0,0.0,0.32118,4,951
37.3872,0.0,0.0,0.0,0.0,-2520.0,0.0,0.0,0.0,0.0748,0.0,0.0,0.0,0.0,0.0,0.0,-16.7,0.0,-7.0,0.0,0.0,0.0,-70.4,0.0,0.0,0.0,0.0,0.000278,0.0,0.0,-67.5,0.0,0.0,0.0,0.000177,0.0,0.0,0.0,0.0,0.0,0.0,0.0,0.32118,4,955
37.7084,0.0,0.0,0.0,0.0,-2550.0,0.0,0.0,0.0,0.0748,0.0,0.0,0.0,0.0,0.0,0.0,-16.5,0.0,-6.9,0.0,0.0,0.0,-70.6,0.0,0.0,0.0,0.0,0.000278,0.0,0.0,-67.5,0.0,0.0,0.0,0.000173,0.0,0.0,0.0,0.0,0.0,0.0,0.0,0.32118,4,959
38.0296,0.0,0.0,0.0,0.0,-2570.0,0.0,0.0,0.0,0.0749,0.0,0.0,0.0,0.0,0.0,0.0,-16.3,0.0,-6.9,0.0,0.0,0.0,-70.8,0.0,0.0,0.0,0.0,0.000278,0.0,0.0,-67.5,0.0,0.0,0.0,0.00016999999999999999,0.0,0.0,0.0,0.0,0.0,0.0,0.0,0.32118,4,963
38.3508,0.0,0.0,0.0,0.0,-2590.0,0.0,0.0,0.0,0.0749,0.0,0.0,0.0,0.0,0.0,0.0,-16.1,0.0,-6.9,0.0,0.0,0.0,-71.0,0.0,0.0,0.0,0.0,0.000278,0.0,0.0,-67.5,0.0,0.0,0.0,0.000167,0.0,0.0,0.0,0.0,0.0,0.0,0.0,0.32118,4,967
38.672,0.0,0.0,0.0,0.0,-2610.0,0.0,0.0,0.0,0.075,0.0,0.0,0.0,0.0,0.0,0.0,-15.9,0.0,-6.9,0.0,0.0,0.0,-71.2,0.0,0.0,0.0,0.0,0.000278,0.0,0.0,-67.5,0.0,0.0,0.0,0.000165,0.0,0.0,0.0,0.0,0.0,0.0,0.0,0.32118,4,971
38.9931,0.0,0.0,0.0,0.0,-2630.0,0.0,0.0,0.0,0.075,0.0,0.0,0.0,0.0,0.0,0.0,-15.7,0.0,-6.9,0.0,0.0,0.0,-71.4,0.0,0.0,0.0,0.0,0.000278,0.0,0.0,-67.5,0.0,0.0,0.0,0.000162,0.0,0.0,0.0,0.0,0.0,0.0,0.0,0.32118,4,975
39.3143,0.0,0.0,0.0,0.0,-2650.0,0.0,0.0,0.0,0.0751,0.0,0.0,0.0,0.0,0.0,0.0,-15.5,0.0,-6.9,0.0,0.0,0.0,-71.6,0.0,0.0,0.0,0.0,0.000278,0.0,0.0,-67.5,0.0,0.0,0.0,0.00015900000000000002,0.0,0.0,0.0,0.0,0.0,0.0,0.0,0.32118,4,979
39.6355,0.0,0.0,0.0,0.0,-2680.0,0.0,0.0,0.0,0.0751,0.0,0.0,0.0,0.0,0.0,0.0,-15.3,0.0,-6.9,0.0,0.0,0.0,-71.8,0.0,0.0,0.0,0.0,0.000278,0.0,0.0,-67.5,0.0,0.0,0.0,0.000156,0.0,0.0,0.0,0.0,0.0,0.0,0.0,0.32118,4,983
39.9567,0.0,0.0,0.0,0.0,-2700.0,0.0,0.0,0.0,0.0752,0.0,0.0,0.0,0.0,0.0,0.0,-15.1,0.0,-6.9,0.0,0.0,0.0,-72.0,0.0,0.0,0.0,0.0,0.000278,0.0,0.0,-67.5,0.0,0.0,0.0,0.000154,0.0,0.0,0.0,0.0,0.0,0.0,0.0,0.32118,4,987
40.2779,0.0,0.0,0.0,0.0,-2720.0,0.0,0.0,0.0,0.0752,0.0,0.0,0.0,0.0,0.0,0.0,-14.9,0.0,-6.9,0.0,0.0,0.0,-72.2,0.0,0.0,0.0,0.0,0.000278,0.0,0.0,-67.5,0.0,0.0,0.0,0.000151,0.0,0.0,0.0,0.0,0.0,0.0,0.0,0.32118,4,991
40.5991,0.0,0.0,0.0,0.0,-2740.0,0.0,0.0,0.0,0.0753,0.0,0.0,0.0,0.0,0.0,0.0,-14.7,0.0,-6.9,0.0,0.0,0.0,-72.3,0.0,0.0,0.0,0.0,0.000278,0.0,0.0,-67.5,0.0,0.0,0.0,0.000149,0.0,0.0,0.0,0.0,0.0,0.0,0.0,0.32118,4,995
40.9202,0.0,0.0,0.0,0.0,-2760.0,0.0,0.0,0.0,0.0753,0.0,0.0,0.0,0.0,0.0,0.0,-14.5,0.0,-6.9,0.0,0.0,0.0,-72.5,0.0,0.0,0.0,0.0,0.000278,0.0,0.0,-67.5,0.0,0.0,0.0,0.000146,0.0,0.0,0.0,0.0,0.0,0.0,0.0,0.32118,4,999
41.2414,0.0,0.0,0.0,0.0,-2780.0,0.0,0.0,0.0,0.0754,0.0,0.0,0.0,0.0,0.0,0.0,-14.3,0.0,-6.8,0.0,0.0,0.0,-72.6,0.0,0.0,0.0,0.0,0.000278,0.0,0.0,-67.5,0.0,0.0,0.0,0.000144,0.0,0.0,0.0,0.0,0.0,0.0,0.0,0.32118,4,1003
41.5626,0.0,0.0,0.0,0.0,-2810.0,0.0,0.0,0.0,0.0754,0.0,0.0,0.0,0.0,0.0,0.0,-14.0,0.0,-6.8,0.0,0.0,0.0,-72.7,0.0,0.0,0.0,0.0,0.000278,0.0,0.0,-67.5,0.0,0.0,0.0,0.00014199999999999998,0.0,0.0,0.0,0.0,0.0,0.0,0.0,0.32118,4,1007
41.8838,0.0,0.0,0.0,0.0,-2830.0,0.0,0.0,0.0,0.0755,0.0,0.0,0.0,0.0,0.0,0.0,-13.8,0.0,-6.8,0.0,0.0,0.0,-72.8,0.0,0.0,0.0,0.0,0.000278,0.0,0.0,-67.5,0.0,0.0,0.0,0.00014099999999999998,0.0,0.0,0.0,0.0,0.0,0.0,0.0,0.32118,4,1011
42.205,0.0,0.0,0.0,0.0,-2850.0,0.0,0.0,0.0,0.0755,0.0,0.0,0.0,0.0,0.0,0.0,-13.6,0.0,-6.8,0.0,0.0,0.0,-72.7,0.0,0.0,0.0,0.0,0.000278,0.0,0.0,-67.5,0.0,0.0,0.0,0.00014099999999999998,0.0,0.0,0.0,0.0,0.0,0.0,0.0,0.32118,4,1015
42.5262,0.0,0.0,0.0,0.0,-2870.0,0.0,0.0,0.0,0.0756,0.0,0.0,0.0,0.0,0.0,0.0,-13.4,0.0,-6.8,0.0,0.0,0.0,-72.4,0.0,0.0,0.0,0.0,0.000278,0.0,0.0,-67.5,0.0,0.0,0.0,0.00014199999999999998,0.0,0.0,0.0,0.0,0.0,0.0,0.0,0.32118,4,1019
42.8473,0.0,0.0,0.0,0.0,-2890.0,0.0,0.0,0.0,0.0756,0.0,0.0,0.0,0.0,0.0,0.0,-13.2,0.0,-6.8,0.0,0.0,0.0,-71.7,0.0,0.0,0.0,0.0,0.000278,0.0,0.0,-67.5,0.0,0.0,0.0,0.000146,0.0,0.0,0.0,0.0,0.0,0.0,0.0,0.32118,4,1023
43.1685,0.0,0.0,0.0,0.0,-2910.0,0.0,0.0,0.0,0.0756,0.0,0.0,0.0,0.0,0.0,0.0,-13.0,0.0,-6.8,0.0,0.0,0.0,-70.6,0.0,0.0,0.0,0.0,0.000278,0.0,0.0,-67.5,0.0,0.0,0.0,0.000154,0.0,0.0,0.0,0.0,0.0,0.0,0.0,0.32118,4,1027
43.4897,0.0,0.0,0.0,0.0,-2940.0,0.0,0.0,0.0,0.0757,0.0,0.0,0.0,0.0,0.0,0.0,-12.8,0.0,-6.8,0.0,0.0,0.0,-68.5,0.0,0.0,0.0,0.0,0.000278,0.0,0.0,-67.5,0.0,0.0,0.0,0.000172,0.0,0.0,0.0,0.0,0.0,0.0,0.0,0.32118,4,1031
43.8109,0.0,0.0,0.0,0.0,-2960.0,0.0,0.0,0.0,0.0758,0.0,0.0,0.0,0.0,0.0,0.0,-12.5,0.0,-6.8,0.0,0.0,0.0,-65.5,0.0,0.0,0.0,0.0,0.000278,0.0,0.0,-67.5,0.0,0.0,0.0,0.00020800000000000001,0.0,0.0,0.0,0.0,0.0,0.0,0.0,0.32118,4,1035
44.1321,0.0,0.0,0.0,0.0,-2980.0,0.0,0.0,0.0,0.0759,0.0,0.0,0.0,0.0,0.0,0.0,-12.3,0.0,-6.8,0.0,0.0,0.0,-61.5,0.0,0.0,0.0,0.0,0.000278,0.0,0.0,-67.5,0.0,0.0,0.0,0.000283,0.0,0.0,0.0,0.0,0.0,0.0,0.0,0.32118,4,1039
44.4533,0.0,0.0,0.0,0.0,-3000.0,0.0,0.0,0.0,0.076,0.0,0.0,0.0,0.0,0.0,0.0,-12.1,0.0,-6.8,0.0,0.0,0.0,-56.7,0.0,0.0,0.0,0.0,0.000278,0.0,0.0,-67.5,0.0,0.0,0.0,0.00043499999999999995,0.0,0.0,0.0,0.0,0.0,0.0,0.0,0.32118,4,1043
44.7744,0.0,0.0,0.0,0.0,-3020.0,0.0,0.0,0.0,0.0762,0.0,0.0,0.0,0.0,0.0,0.0,-11.8,0.0,-6.8,0.0,0.0,0.0,-51.7,0.0,0.0,0.0,0.0,0.000278,0.0,0.0,-67.5,0.0,0.0,0.0,0.0007480000000000001,0.0,0.0,0.0,0.0,0.0,0.0,0.0,0.32118,4,1047
45.0956,0.0,0.0,0.0,0.0,-3040.0,0.0,0.0,0.0,0.0767,0.0,0.0,0.0,0.0,0.0,0.0,-11.6,0.0,-6.8,0.0,0.0,0.0,-46.7,0.0,0.0,0.0,0.0,0.000278,0.0,0.0,-67.5,0.0,0.0,0.0,0.00139,0.0,0.0,0.0,0.0,0.0,0.0,0.0,0.32118,4,1051
45.4168,0.0,0.0,0.0,0.0,-3070.0,0.0,0.0,0.0,0.0776,0.0,0.0,0.0,0.0,0.0,0.0,-11.4,0.0,-6.7,0.0,0.0,0.0,-42.0,0.0,0.0,0.0,0.0,0.000278,0.0,0.0,-67.5,0.0,0.0,0.0,0.0027199999999999998,0.0,0.0,0.0,0.0,0.0,0.0,0.0,0.32118,4,1055
45.738,0.0,0.0,0.0,0.0,-3090.0,0.0,0.0,0.0,0.0793,0.0,0.0,0.0,0.0,0.0,0.0,-11.2,0.0,-6.7,0.0,0.0,0.0,-37.7,0.0,0.0,0.0,0.0,0.000278,0.0,0.0,-67.5,0.0,0.0,0.0,0.00539,0.0,0.0,0.0,0.0,0.0,0.0,0.0,0.32118,4,1059
46.0592,0.0,0.0,0.0,0.0,-3110.0,0.0,0.0,0.0,0.0827,0.0,0.0,0.0,0.0,0.0,0.0,-11.1,0.0,-6.7,0.0,0.0,0.0,-33.9,0.0,0.0,0.0,0.0,0.000278,0.0,0.0,-67.5,0.0,0.0,0.0,0.0107,0.0,0.0,0.0,0.0,0.0,0.0,0.0,0.32118,4,1063
46.3804,0.0,0.0,0.0,0.0,-3130.0,0.0,0.0,0.0,0.0894,0.0,0.0,0.0,0.0,0.0,0.0,-10.9,0.0,-6.7,0.0,0.0,0.0,-30.6,0.0,0.0,0.0,0.0,0.000278,0.0,0.0,-67.5,0.0,0.0,0.0,0.0208,0.0,0.0,0.0,0.0,0.0,0.0,0.0,0.32118,4,1067
46.7015,0.0,0.0,0.0,0.0,-3150.0,0.0,0.0,0.0,0.102,0.0,0.0,0.0,0.0,0.0,0.0,-10.8,0.0,-6.7,0.0,0.0,0.0,-27.7,0.0,0.0,0.0,0.0,0.000278,0.0,0.0,-67.5,0.0,0.0,0.0,0.0394,0.0,0.0,0.0,0.0,0.0,0.0,0.0,0.32118,4,1071
47.0227,0.0,0.0,0.0,0.0,-3170.0,0.0,0.0,0.0,0.125,0.0,0.0,0.0,0.0,0.0,0.0,-10.6,0.0,-6.7,0.0,0.0,0.0,-25.3,0.0,0.0,0.0,0.0,0.000278,0.0,0.0,-67.5,0.0,0.0,0.0,0.0723,0.0,0.0,0.0,0.0,0.0,0.0,0.0,0.32118,4,1075
47.3439,0.0,0.0,0.0,0.0,-3200.0,0.0,0.0,0.0,0.166,0.0,0.0,0.0,0.0,0.0,0.0,-10.5,0.0,-6.7,0.0,0.0,0.0,-23.2,0.0,0.0,0.0,0.0,0.000278,0.0,0.0,-67.5,0.0,0.0,0.0,0.128,0.0,0.0,0.0,0.0,0.0,0.0,0.0,0.32118,4,1079
47.6651,0.0,0.0,0.0,0.0,-3220.0,0.0,0.0,0.0,0.235,0.0,0.0,0.0,0.0,0.0,0.0,-10.4,0.0,-6.7,0.0,0.0,0.0,-21.4,0.0,0.0,0.0,0.0,0.000278,0.0,0.0,-67.5,0.0,0.0,0.0,0.215,0.0,0.0,0.0,0.0,0.0,0.0,0.0,0.32118,4,1083
47.9863,0.0,0.0,0.0,0.0,-3240.0,0.0,0.0,0.0,0.34700000000000003,0.0,0.0,0.0,0.0,0.0,0.0,-10.3,0.0,-6.7,0.0,0.0,0.0,-19.9,0.0,0.0,0.0,0.0,0.000278,0.0,0.0,-67.5,0.0,0.0,0.0,0.34700000000000003,0.0,0.0,0.0,0.0,0.0,0.0,0.0,0.32118,4,1087
48.3075,0.0,0.0,0.0,0.0,-3260.0,0.0,0.0,0.0,0.518,0.0,0.0,0.0,0.0,0.0,0.0,-10.2,0.0,-6.7,0.0,0.0,0.0,-18.6,0.0,0.0,0.0,0.0,0.000278,0.0,0.0,-67.5,0.0,0.0,0.0,0.532,0.0,0.0,0.0,0.0,0.0,0.0,0.0,0.32118,4,1091
48.6287,0.0,0.0,0.0,0.0,-3280.0,0.0,0.0,0.0,0.767,0.0,0.0,0.0,0.0,0.0,0.0,-10.1,0.0,-6.7,0.0,0.0,0.0,-17.6,0.0,0.0,0.0,0.0,0.000278,0.0,0.0,-67.5,0.0,0.0,0.0,0.7759999999999999,0.0,0.0,0.0,0.0,0.0,0.0,0.0,0.32118,3,1094
49.0462,0.0,0.0,0.0,0.0,-3310.0,0.0,0.0,0.0,1.21,0.0,0.0,0.0,0.0,0.0,0.0,-10.0,0.0,-6.7,0.0,0.0,0.0,-16.5,0.0,0.0,0.0,0.0,0.000278,0.0,0.0,-67.5,0.0,0.0,0.0,1.07,0.0,0.0,0.0,0.0,0.0,0.0,0.0,0.41753999999999997,4,1098
49.4637,0.0,0.0,0.0,0.0,-3340.0,0.0,0.0,0.0,1.87,0.0,0.0,0.0,0.0,0.0,0.0,-9.9,0.0,-6.6,0.0,0.0,0.0,-15.6,0.0,0.0,0.0,0.0,0.000278,0.0,0.0,-67.5,0.0,0.0,0.0,1.58,0.0,0.0,0.0,0.0,0.0,0.0,0.0,0.41753999999999997,3,1101
50.0065,0.0,0.0,0.0,0.0,-3380.0,0.0,0.0,0.0,3.03,0.0,0.0,0.0,0.0,0.0,0.0,-9.8,0.0,-6.6,0.0,0.0,0.0,-14.7,0.0,0.0,0.0,0.0,0.000278,0.0,0.0,-67.5,0.0,0.0,0.0,2.13,0.0,0.0,0.0,0.0,0.0,0.0,0.0,0.5428,4,1105
50.5493,0.0,0.0,0.0,0.0,-3410.0,0.0,0.0,0.0,4.68,0.0,0.0,0.0,0.0,0.0,0.0,-9.6,0.0,-6.6,0.0,0.0,0.0,-14.1,0.0,0.0,0.0,0.0,0.000278,0.0,0.0,-67.5,0.0,0.0,0.0,3.04,0.0,0.0,0.0,0.0,0.0,0.0,0.0,0.5428,3,1108
51.255,0.0,0.0,0.0,0.0,-3460.0,0.0,0.0,0.0,7.45,0.0,0.0,0.0,0.0,0.0,0.0,-9.5,0.0,-6.6,0.0,0.0,0.0,-13.4,0.0,0.0,0.0,0.0,0.000278,0.0,0.0,-67.5,0.0,0.0,0.0,3.93,0.0,0.0,0.0,0.0,0.0,0.0,0.0,0.7056399999999999,4,1112
51.9606,0.0,0.0,0.0,0.0,-3510.0,0.0,0.0,0.0,11.2,0.0,0.0,0.0,0.0,0.0,0.0,-9.4,0.0,-6.6,0.0,0.0,0.0,-12.9,0.0,0.0,0.0,0.0,0.000278,0.0,0.0,-67.5,0.0,0.0,0.0,5.31,0.0,0.0,0.0,0.0,0.0,0.0,0.0,0.7056399999999999,3,1115
52.8539,0.0,0.0,0.0,0.0,-3570.0,0.0,0.0,0.0,17.0,0.0,0.0,0.0,0.0,0.0,0.0,-9.3,0.0,-6.6,0.0,0.0,0.0,-12.3,0.0,0.0,0.0,0.0,0.000278,0.0,0.0,-67.5,0.0,0.0,0.0,6.55,0.0,0.0,0.0,0.0,0.0,0.0,0.0,0.8932700000000001,4,1119
53.7471,0.0,0.0,0.0,0.0,-3630.0,0.0,0.0,0.0,24.5,0.0,0.0,0.0,0.0,0.0,0.0,-9.2,0.0,-6.5,0.0,0.0,0.0,-12.0,0.0,0.0,0.0,0.0,0.000278,0.0,0.0,-67.5,0.0,0.0,0.0,8.3,0.0,0.0,0.0,0.0,0.0,0.0,0.0,0.8932700000000001,3,1122
54.9977,0.0,0.0,0.0,0.0,-3710.0,0.0,0.0,0.0,36.7,0.0,0.0,0.0,0.0,0.0,0.0,-9.0,0.0,-6.5,0.0,0.0,0.0,-11.5,0.0,0.0,0.0,0.0,0.000278,0.0,0.0,-67.5,0.0,0.0,0.0,9.78,0.0,0.0,0.0,0.0,0.0,0.0,0.0,1.2506,4,1126
56.2483,0.0,0.0,0.0,0.0,-3800.0,0.0,0.0,0.0,51.9,0.0,0.0,0.0,0.0,0.0,0.0,-8.9,0.0,-6.5,0.0,0.0,0.0,-11.2,0.0,0.0,0.0,0.0,0.000278,0.0,0.0,-67.5,0.0,0.0,0.0,12.2,0.0,0.0,0.0,0.0,0.0,0.0,0.0,1.2506,4,1130
57.4989,0.0,0.0,0.0,0.0,-3880.0,0.0,0.0,0.0,69.3,0.0,0.0,0.0,0.0,0.0,0.0,-8.8,0.0,-6.4,0.0,0.0,0.0,-11.0,0.0,0.0,0.0,0.0,0.000278,0.0,0.0,-67.5,0.0,0.0,0.0,13.9,0.0,0.0,0.0,0.0,0.0,0.0,0.0,1.2506,4,1134
58.7494,0.0,0.0,0.0,0.0,-3970.0,0.0,0.0,0.0,88.7,0.0,0.0,0.0,0.0,0.0,0.0,-8.7,0.0,-6.4,0.0,0.0,0.0,-10.8,0.0,0.0,0.0,0.0,0.000278,0.0,0.0,-67.5,0.0,0.0,0.0,15.6,0.0,0.0,0.0,0.0,0.0,0.0,0.0,1.2506,4,1138
60.0,0.0,0.0,0.0,0.0,-4050.0,0.0,0.0,0.0,110.0,0.0,0.0,0.0,0.0,0.0,0.0,-8.6,0.0,-6.4,0.0,0.0,0.0,-10.6,0.0,0.0,0.0,0.0,0.000278,0.0,0.0,-67.5,0.0,0.0,0.0,17.2,0.0,0.0,0.0,0.0,0.0,0.0,0.0,1.2506,3,1141
60.001,0.0,0.0,0.0,0.0,-4050.0,0.0,0.0,0.0,110.0,0.0,0.0,0.0,0.0,0.0,0.0,-8.6,0.0,-6.4,0.0,0.0,0.0,-10.6,0.0,0.0,0.0,0.0,0.000278,0.0,0.0,0.0,0.0,0.0,0.0,18.6,0.0,0.0,0.0,0.0,0.0,0.0,0.0,0.001,2,1143
60.0023,0.0,0.0,0.0,0.0,-4050.0,0.0,0.0,0.0,110.0,0.0,0.0,0.0,0.0,0.0,0.0,-8.6,0.0,-6.4,0.0,0.0,0.0,-10.6,0.0,0.0,0.0,0.0,0.000278,0.0,0.0,0.0,0.0,0.0,0.0,18.6,0.0,0.0,0.0,0.0,0.0,0.0,0.0,0.0013,2,1145
60.004,0.0,0.0,0.0,0.0,-4050.0,0.0,0.0,0.0,110.0,0.0,0.0,0.0,0.0,0.0,0.0,-8.6,0.0,-6.5,0.0,0.0,0.0,-10.6,0.0,0.0,0.0,0.0,0.000278,0.0,0.0,0.0,0.0,0.0,0.0,18.6,0.0,0.0,0.0,0.0,0.0,0.0,0.0,0.0016899999999999999,2,1147
60.0062,0.0,0.0,0.0,0.0,-4050.0,0.0,0.0,0.0,110.0,0.0,0.0,0.0,0.0,0.0,0.0,-8.6,0.0,-6.5,0.0,0.0,0.0,-10.6,0.0,0.0,0.0,0.0,0.000278,0.0,0.0,0.0,0.0,0.0,0.0,18.6,0.0,0.0,0.0,0.0,0.0,0.0,0.0,0.0021969999999999997,2,1149
60.009,0.0,0.0,0.0,0.0,-4050.0,0.0,0.0,0.0,110.0,0.0,0.0,0.0,0.0,0.0,0.0,-8.6,0.0,-6.5,0.0,0.0,0.0,-10.6,0.0,0.0,0.0,0.0,0.000278,0.0,0.0,0.0,0.0,0.0,0.0,18.5,0.0,0.0,0.0,0.0,0.0,0.0,0.0,0.0028561,2,1151
60.0128,0.0,0.0,0.0,0.0,-4050.0,0.0,0.0,0.0,110.0,0.0,0.0,0.0,0.0,0.0,0.0,-8.6,0.0,-6.5,0.0,0.0,0.0,-10.6,0.0,0.0,0.0,0.0,0.000278,0.0,0.0,0.0,0.0,0.0,0.0,18.5,0.0,0.0,0.0,0.0,0.0,0.0,0.0,0.0037129,2,1153
60.0176,0.0,0.0,0.0,0.0,-4050.0,0.0,0.0,0.0,111.0,0.0,0.0,0.0,0.0,0.0,0.0,-8.6,0.0,-6.5,0.0,0.0,0.0,-10.6,0.0,0.0,0.0,0.0,0.000278,0.0,0.0,0.0,0.0,0.0,0.0,18.5,0.0,0.0,0.0,0.0,0.0,0.0,0.0,0.0048268,2,1155
60.0239,0.0,0.0,0.0,0.0,-4050.0,0.0,0.0,0.0,111.0,0.0,0.0,0.0,0.0,0.0,0.0,-8.6,0.0,-6.6,0.0,0.0,0.0,-10.6,0.0,0.0,0.0,0.0,0.000278,0.0,0.0,0.0,0.0,0.0,0.0,18.5,0.0,0.0,0.0,0.0,0.0,0.0,0.0,0.0062749,2,1157
60.032,0.0,0.0,0.0,0.0,-4050.0,0.0,0.0,0.0,111.0,0.0,0.0,0.0,0.0,0.0,0.0,-8.6,0.0,-6.6,0.0,0.0,0.0,-10.6,0.0,0.0,0.0,0.0,0.000278,0.0,0.0,0.0,0.0,0.0,0.0,18.4,0.0,0.0,0.0,0.0,0.0,0.0,0.0,0.008157300000000001,2,1159
60.0426,0.0,0.0,0.0,0.0,-4050.0,0.0,0.0,0.0,111.0,0.0,0.0,0.0,0.0,0.0,0.0,-8.6,0.0,-6.6,0.0,0.0,0.0,-10.6,0.0,0.0,0.0,0.0,0.000278,0.0,0.0,0.0,0.0,0.0,0.0,18.4,0.0,0.0,0.0,0.0,0.0,0.0,0.0,0.010604,2,1161
60.0564,0.0,0.0,0.0,0.0,-4050.0,0.0,0.0,0.0,111.0,0.0,0.0,0.0,0.0,0.0,0.0,-8.6,0.0,-6.7,0.0,0.0,0.0,-10.6,0.0,0.0,0.0,0.0,0.000278,0.0,0.0,0.0,0.0,0.0,0.0,18.4,0.0,0.0,0.0,0.0,0.0,0.0,0.0,0.013786000000000001,2,1163
60.0743,0.0,0.0,0.0,0.0,-4050.0,0.0,0.0,0.0,112.0,0.0,0.0,0.0,0.0,0.0,0.0,-8.6,0.0,-6.7,0.0,0.0,0.0,-10.6,0.0,0.0,0.0,0.0,0.000278,0.0,0.0,0.0,0.0,0.0,0.0,18.4,0.0,0.0,0.0,0.0,0.0,0.0,0.0,0.017922,2,1165
60.0976,0.0,0.0,0.0,0.0,-4050.0,0.0,0.0,0.0,112.0,0.0,0.0,0.0,0.0,0.0,0.0,-8.6,0.0,-6.7,0.0,0.0,0.0,-10.6,0.0,0.0,0.0,0.0,0.000278,0.0,0.0,0.0,0.0,0.0,0.0,18.3,0.0,0.0,0.0,0.0,0.0,0.0,0.0,0.023298,2,1167
60.1279,0.0,0.0,0.0,0.0,-4050.0,0.0,0.0,0.0,113.0,0.0,0.0,0.0,0.0,0.0,0.0,-8.6,0.0,-6.8,0.0,0.0,0.0,-10.6,0.0,0.0,0.0,0.0,0.000278,0.0,0.0,0.0,0.0,0.0,0.0,18.3,0.0,0.0,0.0,0.0,0.0,0.0,0.0,0.030287,2,1169
60.1673,0.0,0.0,0.0,0.0,-4050.0,0.0,0.0,0.0,113.0,0.0,0.0,0.0,0.0,0.0,0.0,-8.6,0.0,-6.8,0.0,0.0,0.0,-10.6,0.0,0.0,0.0,0.0,0.000278,0.0,0.0,0.0,0.0,0.0,0.0,18.3,0.0,0.0,0.0,0.0,0.0,0.0,0.0,0.039374,2,1171
60.2185,0.0,0.0,0.0,0.0,-4050.0,0.0,0.0,0.0,114.0,0.0,0.0,0.0,0.0,0.0,0.0,-8.6,0.0,-6.9,0.0,0.0,0.0,-10.6,0.0,0.0,0.0,0.0,0.000278,0.0,0.0,0.0,0.0,0.0,0.0,18.3,0.0,0.0,0.0,0.0,0.0,0.0,0.0,0.051186,2,1173
60.285,0.0,0.0,0.0,0.0,-4050.0,0.0,0.0,0.0,115.0,0.0,0.0,0.0,0.0,0.0,0.0,-8.7,0.0,-7.0,0.0,0.0,0.0,-10.6,0.0,0.0,0.0,0.0,0.000278,0.0,0.0,0.0,0.0,0.0,0.0,18.4,0.0,0.0,0.0,0.0,0.0,0.0,0.0,0.06654199999999999,2,1175
60.3715,0.0,0.0,0.0,0.0,-4050.0,0.0,0.0,0.0,117.0,0.0,0.0,0.0,0.0,0.0,0.0,-8.7,0.0,-7.1,0.0,0.0,0.0,-10.6,0.0,0.0,0.0,0.0,0.000278,0.0,0.0,0.0,0.0,0.0,0.0,18.4,0.0,0.0,0.0,0.0,0.0,0.0,0.0,0.086504,2,1177
60.484,0.0,0.0,0.0,0.0,-4050.0,0.0,0.0,0.0,119.0,0.0,0.0,0.0,0.0,0.0,0.0,-8.7,0.0,-7.1,0.0,0.0,0.0,-10.6,0.0,0.0,0.0,0.0,0.000278,0.0,0.0,0.0,0.0,0.0,0.0,18.5,0.0,0.0,0.0,0.0,0.0,0.0,0.0,0.11245999999999999,2,1179
60.6302,0.0,0.0,0.0,0.0,-4050.0,0.0,0.0,0.0,122.0,0.0,0.0,0.0,0.0,0.0,0.0,-8.7,0.0,-7.3,0.0,0.0,0.0,-10.6,0.0,0.0,0.0,0.0,0.000278,0.0,0.0,0.0,0.0,0.0,0.0,18.6,0.0,0.0,0.0,0.0,0.0,0.0,0.0,0.14619000000000001,2,1181
60.8202,0.0,0.0,0.0,0.0,-4050.0,0.0,0.0,0.0,125.0,0.0,0.0,0.0,0.0,0.0,0.0,-8.8,0.0,-7.4,0.0,0.0,0.0,-10.6,0.0,0.0,0.0,0.0,0.000278,0.0,0.0,0.0,0.0,0.0,0.0,18.7,0.0,0.0,0.0,0.0,0.0,0.0,0.0,0.19005,2,1183
61.0673,0.0,0.0,0.0,0.0,-4050.0,0.0,0.0,0.0,130.0,0.0,0.0,0.0,0.0,0.0,0.0,-8.9,0.0,-7.5,0.0,0.0,0.0,-10.6,0.0,0.0,0.0,0.0,0.000278,0.0,0.0,0.0,0.0,0.0,0.0,18.9,0.0,0.0,0.0,0.0,0.0,0.0,0.0,0.24706,2,1185
61.3885,0.0,0.0,0.0,0.0,-4050.0,0.0,0.0,0.0,136.0,0.0,0.0,0.0,0.0,0.0,0.0,-8.9,0.0,-7.7,0.0,0.0,0.0,-10.6,0.0,0.0,0.0,0.0,0.000278,0.0,0.0,0.0,0.0,0.0,0.0,19.1,0.0,0.0,0.0,0.0,0.0,0.0,0.0,0.32118,2,1187
61.806,0.0,0.0,0.0,0.0,-4050.0,0.0,0.0,0.0,144.0,0.0,0.0,0.0,0.0,0.0,0.0,-9.0,0.0,-7.9,0.0,0.0,0.0,-10.6,0.0,0.0,0.0,0.0,0.000278,0.0,0.0,0.0,0.0,0.0,0.0,19.2,0.0,0.0,0.0,0.0,0.0,0.0,0.0,0.41753999999999997,2,1189
62.3488,0.0,0.0,0.0,0.0,-4050.0,0.0,0.0,0.0,155.0,0.0,0.0,0.0,0.0,0.0,0.0,-9.2,0.0,-8.1,0.0,0.0,0.0,-10.7,0.0,0.0,0.0,0.0,0.000278,0.0,0.0,0.0,0.0,0.0,0.0,19.1,0.0,0.0,0.0,0.0,0.0,0.0,0.0,0.5428,3,1192
63.0544,0.0,0.0,0.0,0.0,-4050.0,0.0,0.0,0.0,168.0,0.0,0.0,0.0,0.0,0.0,0.0,-9.4,0.0,-8.3,0.0,0.0,0.0,-10.8,0.0,0.0,0.0,0.0,0.000278,0.0,0.0,0.0,0.0,0.0,0.0,18.4,0.0,0.0,0.0,0.0,0.0,0.0,0.0,0.7056399999999999,4,1196
63.7601,0.0,0.0,0.0,0.0,-4050.0,0.0,0.0,0.0,179.0,0.0,0.0,0.0,0.0,0.0,0.0,-9.6,0.0,-8.5,0.0,0.0,0.0,-11.0,0.0,0.0,0.0,0.0,0.000278,0.0,0.0,0.0,0.0,0.0,0.0,16.8,0.0,0.0,0.0,0.0,0.0,0.0,0.0,0.7056399999999999,3,1199
64.6774,0.0,0.0,0.0,0.0,-4050.0,0.0,0.0,0.0,194.0,0.0,0.0,0.0,0.0,0.0,0.0,-9.8,0.0,-8.8,0.0,0.0,0.0,-11.3,0.0,0.0,0.0,0.0,0.000278,0.0,0.0,0.0,0.0,0.0,0.0,15.6,0.0,0.0,0.0,0.0,0.0,0.0,0.0,0.91733,4,1203
65.5947,0.0,0.0,0.0,0.0,-4050.0,0.0,0.0,0.0,206.0,0.0,0.0,0.0,0.0,0.0,0.0,-10.1,0.0,-9.0,0.0,0.0,0.0,-11.5,0.0,0.0,0.0,0.0,0.000278,0.0,0.0,0.0,0.0,0.0,0.0,13.6,0.0,0.0,0.0,0.0,0.0,0.0,0.0,0.91733,3,1206
66.7873,0.0,0.0,0.0,0.0,-4050.0,0.0,0.0,0.0,221.0,0.0,0.0,0.0,0.0,0.0,0.0,-10.4,0.0,-9.3,0.0,0.0,0.0,-11.9,0.0,0.0,0.0,0.0,0.000278,0.0,0.0,0.0,0.0,0.0,0.0,12.2,0.0,0.0,0.0,0.0,0.0,0.0,0.0,1.1925,4,1210
67.9798,0.0,0.0,0.0,0.0,-4050.0,0.0,0.0,0.0,233.0,0.0,0.0,0.0,0.0,0.0,0.0,-10.7,0.0,-9.6,0.0,0.0,0.0,-12.2,0.0,0.0,0.0,0.0,0.000278,0.0,0.0,0.0,0.0,0.0,0.0,10.2,0.0,0.0,0.0,0.0,0.0,0.0,0.0,1.1925,3,1213
69.5301,0.0,0.0,0.0,0.0,-4050.0,0.0,0.0,0.0,247.0,0.0,0.0,0.0,0.0,0.0,0.0,-11.0,0.0,-9.9,0.0,0.0,0.0,-12.7,0.0,0.0,0.0,0.0,0.000278,0.0,0.0,0.0,0.0,0.0,0.0,8.88,0.0,0.0,0.0,0.0,0.0,0.0,0.0,1.5503,4,1217
71.0804,0.0,0.0,0.0,0.0,-4050.0,0.0,0.0,0.0,258.0,0.0,0.0,0.0,0.0,0.0,0.0,-11.4,0.0,-10.2,0.0,0.0,0.0,-13.0,0.0,0.0,0.0,0.0,0.000278,0.0,0.0,0.0,0.0,0.0,0.0,7.16,0.0,0.0,0.0,0.0,0.0,0.0,0.0,1.5503,3,1220
73.0958,0.0,0.0,0.0,0.0,-4050.0,0.0,0.0,0.0,270.0,0.0,0.0,0.0,0.0,0.0,0.0,-11.8,0.0,-10.6,0.0,0.0,0.0,-13.7,0.0,0.0,0.0,0.0,0.000278,0.0,0.0,0.0,0.0,0.0,0.0,6.07,0.0,0.0,0.0,0.0,0.0,0.0,0.0,2.0154,4,1224
75.1112,0.0,0.0,0.0,0.0,-4050.0,0.0,0.0,0.0,279.0,0.0,0.0,0.0,0.0,0.0,0.0,-12.2,0.0,-11.0,0.0,0.0,0.0,-14.1,0.0,0.0,0.0,0.0,0.000278,0.0,0.0,0.0,0.0,0.0,0.0,4.71,0.0,0.0,0.0,0.0,0.0,0.0,0.0,2.0154,3,1227
77.7311,0.0,0.0,0.0,0.0,-4050.0,0.0,0.0,0.0,290.0,0.0,0.0,0.0,0.0,0.0,0.0,-12.7,0.0,-11.4,0.0,0.0,0.0,-14.9,0.0,0.0,0.0,0.0,0.000278,0.0,0.0,0.0,0.0,0.0,0.0,3.88,0.0,0.0,0.0,0.0,0.0,0.0,0.0,2.62,4,1231
80.3511,0.0,0.0,0.0,0.0,-4050.0,0.0,0.0,0.0,297.0,0.0,0.0,0.0,0.0,0.0,0.0,-13.2,0.0,-11.8,0.0,0.0,0.0,-15.4,0.0,0.0,0.0,0.0,0.000278,0.0,0.0,0.0,0.0,0.0,0.0,2.89,0.0,0.0,0.0,0.0,0.0,0.0,0.0,2.62,4,1235
82.9711,0.0,0.0,0.0,0.0,-4050.0,0.0,0.0,0.0,303.0,0.0,0.0,0.0,0.0,0.0,0.0,-13.7,0.0,-12.2,0.0,0.0,0.0,-16.0,0.0,0.0,0.0,0.0,0.000278,0.0,0.0,0.0,0.0,0.0,0.0,2.29,0.0,0.0,0.0,0.0,0.0,0.0,0.0,2.62,3,1238
86.3771,0.0,0.0,0.0,0.0,-4050.0,0.0,0.0,0.0,309.0,0.0,0.0,0.0,0.0,0.0,0.0,-14.3,0.0,-12.7,0.0,0.0,0.0,-16.9,0.0,0.0,0.0,0.0,0.000278,0.0,0.0,0.0,0.0,0.0,0.0,1.85,0.0,0.0,0.0,0.0,0.0,0.0,0.0,3.406,4,1242
89.7394,0.0,0.0,0.0,0.0,-4050.0,0.0,0.0,0.0,314.0,0.0,0.0,0.0,0.0,0.0,0.0,-14.9,0.0,-13.1,0.0,0.0,0.0,-17.6,0.0,0.0,0.0,0.0,0.000278,0.0,0.0,0.0,0.0,0.0,0.0,1.33,0.0,0.0,0.0,0.0,0.0,0.0,0.0,3.3623,3,1245
94.0624,0.0,0.0,0.0,0.0,-4050.0,0.0,0.0,0.0,318.0,0.0,0.0,0.0,0.0,0.0,0.0,-15.6,0.0,-13.7,0.0,0.0,0.0,-18.7,0.0,0.0,0.0,0.0,0.000278,0.0,0.0,0.0,0.0,0.0,0.0,1.04,0.0,0.0,0.0,0.0,0.0,0.0,0.0,4.3229,4,1249
98.3853,0.0,0.0,0.0,0.0,-4050.0,0.0,0.0,0.0,322.0,0.0,0.0,0.0,0.0,0.0,0.0,-16.3,0.0,-14.2,0.0,0.0,0.0,-19.6,0.0,0.0,0.0,0.0,0.000278,0.0,0.0,0.0,0.0,0.0,0.0,0.732,0.0,0.0,0.0,0.0,0.0,0.0,0.0,4.3229,3,1252
103.789,0.0,0.0,0.0,0.0,-4050.0,0.0,0.0,0.0,325.0,0.0,0.0,0.0,0.0,0.0,0.0,-17.1,0.0,-14.8,0.0,0.0,0.0,-20.8,0.0,0.0,0.0,0.0,0.000278,0.0,0.0,0.0,0.0,0.0,0.0,0.5529999999999999,0.0,0.0,0.0,0.0,0.0,0.0,0.0,5.4037,4,1256
109.1926,0.0,0.0,0.0,0.0,-4050.0,0.0,0.0,0.0,327.0,0.0,0.0,0.0,0.0,0.0,0.0,-17.8,0.0,-15.4,0.0,0.0,0.0,-21.8,0.0,0.0,0.0,0.0,0.000278,0.0,0.0,0.0,0.0,0.0,0.0,0.38299999999999995,0.0,0.0,0.0,0.0,0.0,0.0,0.0,5.4037,4,1260
114.5963,0.0,0.0,0.0,0.0,-4050.0,0.0,0.0,0.0,328.0,0.0,0.0,0.0,0.0,0.0,0.0,-18.5,0.0,-15.9,0.0,0.0,0.0,-22.8,0.0,0.0,0.0,0.0,0.000278,0.0,0.0,0.0,0.0,0.0,0.0,0.28300000000000003,0.0,0.0,0.0,0.0,0.0,0.0,0.0,5.4037,4,1264
120.0,0.0,0.0,0.0,0.0,-4050.0,0.0,0.0,0.0,329.0,0.0,0.0,0.0,0.0,0.0,0.0,-19.2,0.0,-16.4,0.0,0.0,0.0,-23.8,0.0,0.0,0.0,0.0,0.000278,0.0,0.0,0.0,0.0,0.0,0.0,0.214,0.0,0.0,0.0,0.0,0.0,0.0,0.0,5.4037,4,1268
126.0,0.0,0.0,0.0,0.0,-4050.0,0.0,0.0,0.0,330.0,0.0,0.0,0.0,0.0,0.0,0.0,-19.9,0.0,-16.9,0.0,0.0,0.0,-24.8,0.0,0.0,0.0,0.0,0.000278,0.0,0.0,0.0,0.0,0.0,0.0,0.165,0.0,0.0,0.0,0.0,0.0,0.0,0.0,6.0,4,1272
132.0,0.0,0.0,0.0,0.0,-4050.0,0.0,0.0,0.0,331.0,0.0,0.0,0.0,0.0,0.0,0.0,-20.6,0.0,-17.4,0.0,0.0,0.0,-25.8,0.0,0.0,0.0,0.0,0.000278,0.0,0.0,0.0,0.0,0.0,0.0,0.126,0.0,0.0,0.0,0.0,0.0,0.0,0.0,6.0,4,1276
138.0,0.0,0.0,0.0,0.0,-4050.0,0.0,0.0,0.0,332.0,0.0,0.0,0.0,0.0,0.0,0.0,-21.2,0.0,-17.9,0.0,0.0,0.0,-26.7,0.0,0.0,0.0,0.0,0.000278,0.0,0.0,0.0,0.0,0.0,0.0,0.0994,0.0,0.0,0.0,0.0,0.0,0.0,0.0,6.0,4,1280
144.0,0.0,0.0,0.0,0.0,-4050.0,0.0,0.0,0.0,332.0,0.0,0.0,0.0,0.0,0.0,0.0,-21.8,0.0,-18.4,0.0,0.0,0.0,-27.6,0.0,0.0,0.0,0.0,0.000278,0.0,0.0,0.0,0.0,0.0,0.0,0.0799,0.0,0.0,0.0,0.0,0.0,0.0,0.0,6.0,4,1284
150.0,0.0,0.0,0.0,0.0,-4050.0,0.0,0.0,0.0,333.0,0.0,0.0,0.0,0.0,0.0,0.0,-22.4,0.0,-18.8,0.0,0.0,0.0,-28.4,0.0,0.0,0.0,0.0,0.000278,0.0,0.0,0.0,0.0,0.0,0.0,0.0655,0.0,0.0,0.0,0.0,0.0,0.0,0.0,6.0,3,1287
157.5,0.0,0.0,0.0,0.0,-4050.0,0.0,0.0,0.0,333.0,0.0,0.0,0.0,0.0,0.0,0.0,-23.1,0.0,-19.4,0.0,0.0,0.0,-29.3,0.0,0.0,0.0,0.0,0.000278,0.0,0.0,0.0,0.0,0.0,0.0,0.0546,0.0,0.0,0.0,0.0,0.0,0.0,0.0,7.5,3,1290
168.75,0.0,0.0,0.0,0.0,-4050.0,0.0,0.0,0.0,333.0,0.0,0.0,0.0,0.0,0.0,0.0,-24.0,0.0,-20.1,0.0,0.0,0.0,-30.6,0.0,0.0,0.0,0.0,0.000278,0.0,0.0,0.0,0.0,0.0,0.0,0.0444,0.0,0.0,0.0,0.0,0.0,0.0,0.0,11.25,3,1293
180.0,0.0,0.0,0.0,0.0,-4050.0,0.0,0.0,0.0,334.0,0.0,0.0,0.0,0.0,0.0,0.0,-24.8,0.0,-20.9,0.0,0.0,0.0,-31.6,0.0,0.0,0.0,0.0,0.000278,0.0,0.0,0.0,0.0,0.0,0.0,0.0341,0.0,0.0,0.0,0.0,0.0,0.0,0.0,11.25,3,1296
192.0,0.0,0.0,0.0,0.0,-4050.0,0.0,0.0,0.0,334.0,0.0,0.0,0.0,0.0,0.0,0.0,-25.6,0.0,-21.6,0.0,0.0,0.0,-32.5,0.0,0.0,0.0,0.0,0.000278,0.0,0.0,0.0,0.0,0.0,0.0,0.0278,0.0,0.0,0.0,0.0,0.0,0.0,0.0,12.0,3,1299
208.0,0.0,0.0,0.0,0.0,-4050.0,0.0,0.0,0.0,335.0,0.0,0.0,0.0,0.0,0.0,0.0,-26.5,0.0,-22.5,0.0,0.0,0.0,-33.4,0.0,0.0,0.0,0.0,0.000278,0.0,0.0,0.0,0.0,0.0,0.0,0.0233,0.0,0.0,0.0,0.0,0.0,0.0,0.0,16.0,3,1302
240.0,0.0,0.0,0.0,0.0,-4050.0,0.0,0.0,0.0,335.0,0.0,0.0,0.0,0.0,0.0,0.0,-28.0,0.0,-24.1,0.0,0.0,0.0,-34.5,0.0,0.0,0.0,0.0,0.000278,0.0,0.0,0.0,0.0,0.0,0.0,0.0196,0.0,0.0,0.0,0.0,0.0,0.0,0.0,32.0,4,1306
261.3721,0.0,0.0,0.0,0.0,-4050.0,0.0,0.0,0.0,335.0,0.0,0.0,0.0,0.0,0.0,0.0,-28.9,0.0,-25.0,0.0,0.0,0.0,-34.9,0.0,0.0,0.0,0.0,0.000278,0.0,0.0,0.0,0.0,0.0,0.0,0.0159,0.0,0.0,0.0,0.0,0.0,0.0,0.0,21.372,3,1309
287.8863,0.0,0.0,0.0,0.0,-4050.0,0.0,0.0,0.0,336.0,0.0,0.0,0.0,0.0,0.0,0.0,-29.9,0.0,-26.2,0.0,0.0,0.0,-35.3,0.0,0.0,0.0,0.0,0.000278,0.0,0.0,0.0,0.0,0.0,0.0,0.0148,0.0,0.0,0.0,0.0,0.0,0.0,0.0,26.514,3,1312
323.2386,0.0,0.0,0.0,0.0,-4050.0,0.0,0.0,0.0,336.0,0.0,0.0,0.0,0.0,0.0,0.0,-30.9,0.0,-27.5,0.0,0.0,0.0,-35.6,0.0,0.0,0.0,0.0,0.000278,0.0,0.0,0.0,0.0,0.0,0.0,0.0138,0.0,0.0,0.0,0.0,0.0,0.0,0.0,35.352,3,1315
367.4289,0.0,0.0,0.0,0.0,-4050.0,0.0,0.0,0.0,337.0,0.0,0.0,0.0,0.0,0.0,0.0,-32.1,0.0,-28.9,0.0,0.0,0.0,-36.0,0.0,0.0,0.0,0.0,0.000278,0.0,0.0,0.0,0.0,0.0,0.0,0.013,0.0,0.0,0.0,0.0,0.0,0.0,0.0,44.19,3,1318
433.7145,0.0,0.0,0.0,0.0,-4050.0,0.0,0.0,0.0,338.0,0.0,0.0,0.0,0.0,0.0,0.0,-33.4,0.0,-30.7,0.0,0.0,0.0,-36.5,0.0,0.0,0.0,0.0,0.000278,0.0,0.0,0.0,0.0,0.0,0.0,0.0122,0.0,0.0,0.0,0.0,0.0,0.0,0.0,66.286,3,1321
500.0,0.0,0.0,0.0,0.0,-4050.0,0.0,0.0,0.0,338.0,0.0,0.0,0.0,0.0,0.0,0.0,-34.6,0.0,-32.2,0.0,0.0,0.0,-37.0,0.0,0.0,0.0,0.0,0.000278,0.0,0.0,0.0,0.0,0.0,0.0,0.0112,0.0,0.0,0.0,0.0,0.0,0.0,0.0,66.286,3,1324
573.3333,0.0,0.0,0.0,0.0,-4050.0,0.0,0.0,0.0,339.0,0.0,0.0,0.0,0.0,0.0,0.0,-35.7,0.0,-33.6,0.0,0.0,0.0,-37.6,0.0,0.0,0.0,0.0,0.000278,0.0,0.0,0.0,0.0,0.0,0.0,0.0102,0.0,0.0,0.0,0.0,0.0,0.0,0.0,73.333,3,1327
720.0,0.0,0.0,0.0,0.0,-4050.0,0.0,0.0,0.0,341.0,0.0,0.0,0.0,0.0,0.0,0.0,-37.4,0.0,-35.6,0.0,0.0,0.0,-38.7,0.0,0.0,0.0,0.0,0.000278,0.0,0.0,0.0,0.0,0.0,0.0,0.00925,0.0,0.0,0.0,0.0,0.0,0.0,0.0,146.67,3,1330
864.0,0.0,0.0,0.0,0.0,-4050.0,0.0,0.0,0.0,342.0,0.0,0.0,0.0,0.0,0.0,0.0,-38.6,0.0,-37.2,0.0,0.0,0.0,-39.5,0.0,0.0,0.0,0.0,0.000278,0.0,0.0,0.0,0.0,0.0,0.0,0.0077599999999999995,0.0,0.0,0.0,0.0,0.0,0.0,0.0,144.0,3,1333
1056.0,0.0,0.0,0.0,0.0,-4050.0,0.0,0.0,0.0,343.0,0.0,0.0,0.0,0.0,0.0,0.0,-39.8,0.0,-38.6,0.0,0.0,0.0,-40.4,0.0,0.0,0.0,0.0,0.000278,0.0,0.0,0.0,0.0,0.0,0.0,0.00678,0.0,0.0,0.0,0.0,0.0,0.0,0.0,192.0,3,1336
1248.0,0.0,0.0,0.0,0.0,-4050.0,0.0,0.0,0.0,344.0,0.0,0.0,0.0,0.0,0.0,0.0,-40.7,0.0,-39.7,0.0,0.0,0.0,-41.0,0.0,0.0,0.0,0.0,0.000278,0.0,0.0,0.0,0.0,0.0,0.0,0.0059,0.0,0.0,0.0,0.0,0.0,0.0,0.0,192.0,2,1338
1440.0,0.0,0.0,0.0,0.0,-4050.0,0.0,0.0,0.0,345.0,0.0,0.0,0.0,0.0,0.0,0.0,-41.4,0.0,-40.5,0.0,0.0,0.0,-41.5,0.0,0.0,0.0,0.0,0.000278,0.0,0.0,0.0,0.0,0.0,0.0,0.00536,0.0,0.0,0.0,0.0,0.0,0.0,0.0,192.0,2,1340
1800.0,0.0,0.0,0.0,0.0,-4050.0,0.0,0.0,0.0,347.0,0.0,0.0,0.0,0.0,0.0,0.0,-42.1,0.0,-41.4,0.0,0.0,0.0,-42.0,0.0,0.0,0.0,0.0,0.000278,0.0,0.0,0.0,0.0,0.0,0.0,0.00498,0.0,0.0,0.0,0.0,0.0,0.0,0.0,360.0,2,1342
2160.0,0.0,0.0,0.0,0.0,-4050.0,0.0,0.0,0.0,349.0,0.0,0.0,0.0,0.0,0.0,0.0,-42.5,0.0,-41.9,0.0,0.0,0.0,-42.3,0.0,0.0,0.0,0.0,0.000278,0.0,0.0,0.0,0.0,0.0,0.0,0.00461,0.0,0.0,0.0,0.0,0.0,0.0,0.0,360.0,2,1344
2520.0,0.0,0.0,0.0,0.0,-4050.0,0.0,0.0,0.0,350.0,0.0,0.0,0.0,0.0,0.0,0.0,-42.8,0.0,-42.3,0.0,0.0,0.0,-42.4,0.0,0.0,0.0,0.0,0.000278,0.0,0.0,0.0,0.0,0.0,0.0,0.0044,0.0,0.0,0.0,0.0,0.0,0.0,0.0,360.0,2,1346
2880.0,0.0,0.0,0.0,0.0,-4050.0,0.0,0.0,0.0,352.0,0.0,0.0,0.0,0.0,0.0,0.0,-42.9,0.0,-42.5,0.0,0.0,0.0,-42.5,0.0,0.0,0.0,0.0,0.000278,0.0,0.0,0.0,0.0,0.0,0.0,0.0043100000000000005,0.0,0.0,0.0,0.0,0.0,0.0,0.0,360.0,2,1348
